stock_name,recipe,num_possible_trades,optimal_count,optimal_count_with_gft_zero,optimal_gft,SBB_External_Competition_auction_count,SBB_External_Competition_auction_count,SBB_External_Competition_auction_count,SBB_External_Competition_auction_count,SBB_External_Competition_count_ratio,SBB_External_Competition_count_ratio,SBB_External_Competition_count_ratio,SBB_External_Competition_count_ratio,SBB_External_Competition_gft,SBB_External_Competition_gft,SBB_External_Competition_gft,SBB_External_Competition_gft,SBB_External_Competition_gft_ratio,SBB_External_Competition_gft_ratio,SBB_External_Competition_gft_ratio,SBB_External_Competition_gft_ratio,SBB_Ascending_Prices_auction_count,SBB_Ascending_Prices_auction_count,SBB_Ascending_Prices_auction_count,SBB_Ascending_Prices_auction_count,SBB_Ascending_Prices_count_ratio,SBB_Ascending_Prices_count_ratio,SBB_Ascending_Prices_count_ratio,SBB_Ascending_Prices_count_ratio,SBB_Ascending_Prices_gft,SBB_Ascending_Prices_gft,SBB_Ascending_Prices_gft,SBB_Ascending_Prices_gft,SBB_Ascending_Prices_gft_ratio,SBB_Ascending_Prices_gft_ratio,SBB_Ascending_Prices_gft_ratio,SBB_Ascending_Prices_gft_ratio,SBB_External_Competition_auction_count,SBB_External_Competition_auction_count,SBB_External_Competition_auction_count,SBB_External_Competition_auction_count,SBB_External_Competition_count_ratio,SBB_External_Competition_count_ratio,SBB_External_Competition_count_ratio,SBB_External_Competition_count_ratio,SBB_External_Competition_gft,SBB_External_Competition_gft,SBB_External_Competition_gft,SBB_External_Competition_gft,SBB_External_Competition_gft_ratio,SBB_External_Competition_gft_ratio,SBB_External_Competition_gft_ratio,SBB_External_Competition_gft_ratio,SBB_Ascending_Prices_auction_count,SBB_Ascending_Prices_auction_count,SBB_Ascending_Prices_auction_count,SBB_Ascending_Prices_auction_count,SBB_Ascending_Prices_count_ratio,SBB_Ascending_Prices_count_ratio,SBB_Ascending_Prices_count_ratio,SBB_Ascending_Prices_count_ratio,SBB_Ascending_Prices_gft,SBB_Ascending_Prices_gft,SBB_Ascending_Prices_gft,SBB_Ascending_Prices_gft,SBB_Ascending_Prices_gft_ratio,SBB_Ascending_Prices_gft_ratio,SBB_Ascending_Prices_gft_ratio,SBB_Ascending_Prices_gft_ratio,SBB_External_Competition_auction_count,SBB_External_Competition_auction_count,SBB_External_Competition_auction_count,SBB_External_Competition_auction_count,SBB_External_Competition_count_ratio,SBB_External_Competition_count_ratio,SBB_External_Competition_count_ratio,SBB_External_Competition_count_ratio,SBB_External_Competition_gft,SBB_External_Competition_gft,SBB_External_Competition_gft,SBB_External_Competition_gft,SBB_External_Competition_gft_ratio,SBB_External_Competition_gft_ratio,SBB_External_Competition_gft_ratio,SBB_External_Competition_gft_ratio,SBB_Ascending_Prices_auction_count,SBB_Ascending_Prices_auction_count,SBB_Ascending_Prices_auction_count,SBB_Ascending_Prices_auction_count,SBB_Ascending_Prices_count_ratio,SBB_Ascending_Prices_count_ratio,SBB_Ascending_Prices_count_ratio,SBB_Ascending_Prices_count_ratio,SBB_Ascending_Prices_gft,SBB_Ascending_Prices_gft,SBB_Ascending_Prices_gft,SBB_Ascending_Prices_gft,SBB_Ascending_Prices_gft_ratio,SBB_Ascending_Prices_gft_ratio,SBB_Ascending_Prices_gft_ratio,SBB_Ascending_Prices_gft_ratio,SBB_External_Competition_auction_count,SBB_External_Competition_auction_count,SBB_External_Competition_auction_count,SBB_External_Competition_auction_count,SBB_External_Competition_count_ratio,SBB_External_Competition_count_ratio,SBB_External_Competition_count_ratio,SBB_External_Competition_count_ratio,SBB_External_Competition_gft,SBB_External_Competition_gft,SBB_External_Competition_gft,SBB_External_Competition_gft,SBB_External_Competition_gft_ratio,SBB_External_Competition_gft_ratio,SBB_External_Competition_gft_ratio,SBB_External_Competition_gft_ratio,SBB_Ascending_Prices_auction_count,SBB_Ascending_Prices_auction_count,SBB_Ascending_Prices_auction_count,SBB_Ascending_Prices_auction_count,SBB_Ascending_Prices_count_ratio,SBB_Ascending_Prices_count_ratio,SBB_Ascending_Prices_count_ratio,SBB_Ascending_Prices_count_ratio,SBB_Ascending_Prices_gft,SBB_Ascending_Prices_gft,SBB_Ascending_Prices_gft,SBB_Ascending_Prices_gft,SBB_Ascending_Prices_gft_ratio,SBB_Ascending_Prices_gft_ratio,SBB_Ascending_Prices_gft_ratio,SBB_Ascending_Prices_gft_ratio
A,1:16,2,1,1,80.83,1,1,1,1,100.0,100.0,100.0,100.0,80.83,80.83,80.83,80.83,100.0,100.0,100.0,100.0,1,1,1,1,100.0,100.0,100.0,100.0,80.83,80.83,80.83,80.83,100.0,100.0,100.0,100.0,1,1,1,1,100.0,100.0,100.0,100.0,80.83,80.83,80.83,80.83,100.0,100.0,100.0,100.0,1,1,1,1,100.0,100.0,100.0,100.0,80.83,80.83,80.83,80.83,100.0,100.0,100.0,100.0,1,1,1,1,100.0,100.0,100.0,100.0,80.83,80.83,80.83,80.83,100.0,100.0,100.0,100.0,1,1,1,1,100.0,100.0,100.0,100.0,80.83,80.83,80.83,80.83,100.0,100.0,100.0,100.0,1,1,1,1,100.0,100.0,100.0,100.0,80.83,80.83,80.83,80.83,100.0,100.0,100.0,100.0,1,1,1,1,100.0,100.0,100.0,100.0,80.83,80.83,80.83,80.83,100.0,100.0,100.0,100.0
A,1:16,3,2,2,111.59,1,1,1,1,50.0,50.0,50.0,50.0,90.13,90.13,90.13,90.13,80.769,80.769,80.769,80.769,1,1,1,1,50.0,50.0,50.0,50.0,90.13,90.13,90.13,90.13,80.769,80.769,80.769,80.769,1,1,1,1,50.0,50.0,50.0,50.0,90.13,90.13,90.13,90.13,80.769,80.769,80.769,80.769,1,1,1,1,50.0,50.0,50.0,50.0,90.13,90.13,90.13,90.13,80.769,80.769,80.769,80.769,1,1,1,1,50.0,50.0,50.0,50.0,90.13,90.13,90.13,90.13,80.769,80.769,80.769,80.769,1,1,1,1,50.0,50.0,50.0,50.0,90.13,90.13,90.13,90.13,80.769,80.769,80.769,80.769,1,1,1,1,50.0,50.0,50.0,50.0,90.13,90.13,90.13,90.13,80.769,80.769,80.769,80.769,1,1,1,1,50.0,50.0,50.0,50.0,90.13,90.13,90.13,90.13,80.769,80.769,80.769,80.769
A,1:16,4,3,3,124.47,2,2,2,2,66.666,66.666,66.666,66.666,108.73,108.73,108.73,108.73,87.356,87.356,87.356,87.356,2,2,2,2,66.666,66.666,66.666,66.666,108.73,108.73,108.73,108.73,87.356,87.356,87.356,87.356,2,2,2,2,66.666,66.666,66.666,66.666,108.73,108.73,108.73,108.73,87.356,87.356,87.356,87.356,2,2,2,2,66.666,66.666,66.666,66.666,108.73,108.73,108.73,108.73,87.356,87.356,87.356,87.356,2,2,2,2,66.666,66.666,66.666,66.666,108.73,108.73,108.73,108.73,87.356,87.356,87.356,87.356,2,2,2,2,66.666,66.666,66.666,66.666,108.73,108.73,108.73,108.73,87.356,87.356,87.356,87.356,2,2,2,2,66.666,66.666,66.666,66.666,108.73,108.73,108.73,108.73,87.356,87.356,87.356,87.356,2,2,2,2,66.666,66.666,66.666,66.666,108.73,108.73,108.73,108.73,87.356,87.356,87.356,87.356
A,1:16,5,4,4,157.37,3,3,3,3,75.0,75.0,75.0,75.0,142.71,142.71,142.71,142.71,90.682,90.682,90.682,90.682,3,3,3,3,75.0,75.0,75.0,75.0,142.71,142.71,142.71,142.71,90.682,90.682,90.682,90.682,3,3,3,3,75.0,75.0,75.0,75.0,142.71,142.71,142.71,142.71,90.682,90.682,90.682,90.682,3,3,3,3,75.0,75.0,75.0,75.0,142.71,142.71,142.71,142.71,90.682,90.682,90.682,90.682,3,3,3,3,75.0,75.0,75.0,75.0,142.71,142.71,142.71,142.71,90.682,90.682,90.682,90.682,3,3,3,3,75.0,75.0,75.0,75.0,142.71,142.71,142.71,142.71,90.682,90.682,90.682,90.682,3,3,3,3,75.0,75.0,75.0,75.0,142.71,142.71,142.71,142.71,90.682,90.682,90.682,90.682,3,3,3,3,75.0,75.0,75.0,75.0,142.71,142.71,142.71,142.71,90.682,90.682,90.682,90.682
A,1:16,10,7,7,251.79,7,7,7,7,100.0,100.0,100.0,100.0,251.79,251.79,251.79,251.79,100.0,100.0,100.0,100.0,7,7,7,7,100.0,100.0,100.0,100.0,251.79,251.79,251.79,251.79,100.0,100.0,100.0,100.0,7,7,7,7,100.0,100.0,100.0,100.0,251.79,251.79,251.79,251.79,100.0,100.0,100.0,100.0,7,7,7,7,100.0,100.0,100.0,100.0,251.79,251.79,251.79,251.79,100.0,100.0,100.0,100.0,7,7,7,7,100.0,100.0,100.0,100.0,251.79,251.79,251.79,251.79,100.0,100.0,100.0,100.0,7,7,7,7,100.0,100.0,100.0,100.0,251.79,251.79,251.79,251.79,100.0,100.0,100.0,100.0,7,7,7,7,100.0,100.0,100.0,100.0,251.79,251.79,251.79,251.79,100.0,100.0,100.0,100.0,7,7,7,7,100.0,100.0,100.0,100.0,251.79,251.79,251.79,251.79,100.0,100.0,100.0,100.0
A,1:16,15,8,8,409.16,8,8,8,8,100.0,100.0,100.0,100.0,409.16,409.16,409.16,409.16,100.0,100.0,100.0,100.0,8,8,8,8,100.0,100.0,100.0,100.0,409.16,409.16,409.16,409.16,100.0,100.0,100.0,100.0,8,8,8,8,100.0,100.0,100.0,100.0,409.16,409.16,409.16,409.16,100.0,100.0,100.0,100.0,8,8,8,8,100.0,100.0,100.0,100.0,409.16,409.16,409.16,409.16,100.0,100.0,100.0,100.0,8,8,8,8,100.0,100.0,100.0,100.0,409.16,409.16,409.16,409.16,100.0,100.0,100.0,100.0,8,8,8,8,100.0,100.0,100.0,100.0,409.16,409.16,409.16,409.16,100.0,100.0,100.0,100.0,8,8,8,8,100.0,100.0,100.0,100.0,409.16,409.16,409.16,409.16,100.0,100.0,100.0,100.0,8,8,8,8,100.0,100.0,100.0,100.0,409.16,409.16,409.16,409.16,100.0,100.0,100.0,100.0
A,1:16,25,15,15,703.16,15,15,15,15,100.0,100.0,100.0,100.0,703.16,703.16,703.16,703.16,100.0,100.0,100.0,100.0,15,15,15,15,100.0,100.0,100.0,100.0,703.16,703.16,703.16,703.16,100.0,100.0,100.0,100.0,15,15,15,15,100.0,100.0,100.0,100.0,703.16,703.16,703.16,703.16,100.0,100.0,100.0,100.0,15,15,15,15,100.0,100.0,100.0,100.0,703.16,703.16,703.16,703.16,100.0,100.0,100.0,100.0,15,15,15,15,100.0,100.0,100.0,100.0,703.16,703.16,703.16,703.16,100.0,100.0,100.0,100.0,15,15,15,15,100.0,100.0,100.0,100.0,703.16,703.16,703.16,703.16,100.0,100.0,100.0,100.0,15,15,15,15,100.0,100.0,100.0,100.0,703.16,703.16,703.16,703.16,100.0,100.0,100.0,100.0,15,15,15,15,100.0,100.0,100.0,100.0,703.16,703.16,703.16,703.16,100.0,100.0,100.0,100.0
A,1:16,50,26,26,7354.09,25,25,25,25,96.153,96.153,96.153,96.153,7289.19,7289.19,7289.19,7289.19,99.117,99.117,99.117,99.117,25,25,25,25,96.153,96.153,96.153,96.153,7289.19,7289.19,7289.19,7289.19,99.117,99.117,99.117,99.117,25,25,25,25,96.153,96.153,96.153,96.153,7289.19,7289.19,7289.19,7289.19,99.117,99.117,99.117,99.117,25,25,25,25,96.153,96.153,96.153,96.153,7289.19,7289.19,7289.19,7289.19,99.117,99.117,99.117,99.117,25,25,25,25,96.153,96.153,96.153,96.153,7289.19,7289.19,7289.19,7289.19,99.117,99.117,99.117,99.117,25,25,25,25,96.153,96.153,96.153,96.153,7289.19,7289.19,7289.19,7289.19,99.117,99.117,99.117,99.117,25,25,25,25,96.153,96.153,96.153,96.153,7289.19,7289.19,7289.19,7289.19,99.117,99.117,99.117,99.117,25,25,25,25,96.153,96.153,96.153,96.153,7289.19,7289.19,7289.19,7289.19,99.117,99.117,99.117,99.117
A,1:16,100,53,53,31364.84,52,52,52,52,98.113,98.113,98.113,98.113,31137.1,31137.1,31137.1,31137.1,99.274,99.274,99.274,99.274,52,52,52,52,98.113,98.113,98.113,98.113,31137.1,31137.1,31137.1,31137.1,99.274,99.274,99.274,99.274,52,52,52,52,98.113,98.113,98.113,98.113,31137.1,31137.1,31137.1,31137.1,99.274,99.274,99.274,99.274,52,52,52,52,98.113,98.113,98.113,98.113,31137.1,31137.1,31137.1,31137.1,99.274,99.274,99.274,99.274,52,52,52,52,98.113,98.113,98.113,98.113,31137.1,31137.1,31137.1,31137.1,99.274,99.274,99.274,99.274,52,52,52,52,98.113,98.113,98.113,98.113,31137.1,31137.1,31137.1,31137.1,99.274,99.274,99.274,99.274,52,52,52,52,98.113,98.113,98.113,98.113,31137.1,31137.1,31137.1,31137.1,99.274,99.274,99.274,99.274,52,52,52,52,98.113,98.113,98.113,98.113,31137.1,31137.1,31137.1,31137.1,99.274,99.274,99.274,99.274
A,1:16,500,254,254,117872.64,254,254,254,254,100.0,100.0,100.0,100.0,117872.64,117872.64,117872.64,117872.64,100.0,100.0,100.0,100.0,254,254,254,254,100.0,100.0,100.0,100.0,117872.64,117872.64,117872.64,117872.64,100.0,100.0,100.0,100.0,254,254,254,254,100.0,100.0,100.0,100.0,117872.64,117872.64,117872.64,117872.64,100.0,100.0,100.0,100.0,254,254,254,254,100.0,100.0,100.0,100.0,117872.64,117872.64,117872.64,117872.64,100.0,100.0,100.0,100.0,254,254,254,254,100.0,100.0,100.0,100.0,117872.64,117872.64,117872.64,117872.64,100.0,100.0,100.0,100.0,254,254,254,254,100.0,100.0,100.0,100.0,117872.64,117872.64,117872.64,117872.64,100.0,100.0,100.0,100.0,254,254,254,254,100.0,100.0,100.0,100.0,117872.64,117872.64,117872.64,117872.64,100.0,100.0,100.0,100.0,254,254,254,254,100.0,100.0,100.0,100.0,117872.64,117872.64,117872.64,117872.64,100.0,100.0,100.0,100.0
A,1:16,1000,516,516,204647.15,515,515,515,515,99.806,99.806,99.806,99.806,204350.41,204350.41,204350.41,204350.41,99.855,99.855,99.855,99.855,516,516,516,516,100.0,100.0,100.0,100.0,204647.15,204647.15,204647.15,204647.15,100.0,100.0,100.0,100.0,515,515,515,515,99.806,99.806,99.806,99.806,204350.41,204350.41,204350.41,204350.41,99.855,99.855,99.855,99.855,516,516,516,516,100.0,100.0,100.0,100.0,204647.15,204647.15,204647.15,204647.15,100.0,100.0,100.0,100.0,515,515,515,515,99.806,99.806,99.806,99.806,204350.41,204350.41,204350.41,204350.41,99.855,99.855,99.855,99.855,516,516,516,516,100.0,100.0,100.0,100.0,204647.15,204647.15,204647.15,204647.15,100.0,100.0,100.0,100.0,515,515,515,515,99.806,99.806,99.806,99.806,204350.41,204350.41,204350.41,204350.41,99.855,99.855,99.855,99.855,516,516,516,516,100.0,100.0,100.0,100.0,204647.15,204647.15,204647.15,204647.15,100.0,100.0,100.0,100.0
A,1:16,2000,1020,1020,262368.5,1018,1018,1018,1018,99.803,99.803,99.803,99.803,262184.12,262184.12,262184.12,262184.12,99.93,99.93,99.93,99.93,1019,1019,1019,1019,99.901,99.901,99.901,99.901,262276.31,262276.31,262276.31,262276.31,99.965,99.965,99.965,99.965,1018,1018,1018,1018,99.803,99.803,99.803,99.803,262184.12,262184.12,262184.12,262184.12,99.93,99.93,99.93,99.93,1019,1019,1019,1019,99.901,99.901,99.901,99.901,262276.31,262276.31,262276.31,262276.31,99.965,99.965,99.965,99.965,1018,1018,1018,1018,99.803,99.803,99.803,99.803,262184.12,262184.12,262184.12,262184.12,99.93,99.93,99.93,99.93,1019,1019,1019,1019,99.901,99.901,99.901,99.901,262276.31,262276.31,262276.31,262276.31,99.965,99.965,99.965,99.965,1018,1018,1018,1018,99.803,99.803,99.803,99.803,262184.12,262184.12,262184.12,262184.12,99.93,99.93,99.93,99.93,1019,1019,1019,1019,99.901,99.901,99.901,99.901,262276.31,262276.31,262276.31,262276.31,99.965,99.965,99.965,99.965
A,1:16,5000,2536,2536,1062484.61,2535,2535,2535,2535,99.96,99.96,99.96,99.96,1062179.22,1062179.22,1062179.22,1062179.22,99.971,99.971,99.971,99.971,2536,2536,2536,2536,100.0,100.0,100.0,100.0,1062484.61,1062484.61,1062484.61,1062484.61,100.0,100.0,100.0,100.0,2535,2535,2535,2535,99.96,99.96,99.96,99.96,1062179.22,1062179.22,1062179.22,1062179.22,99.971,99.971,99.971,99.971,2536,2536,2536,2536,100.0,100.0,100.0,100.0,1062484.61,1062484.61,1062484.61,1062484.61,100.0,100.0,100.0,100.0,2535,2535,2535,2535,99.96,99.96,99.96,99.96,1062179.22,1062179.22,1062179.22,1062179.22,99.971,99.971,99.971,99.971,2536,2536,2536,2536,100.0,100.0,100.0,100.0,1062484.61,1062484.61,1062484.61,1062484.61,100.0,100.0,100.0,100.0,2535,2535,2535,2535,99.96,99.96,99.96,99.96,1062179.22,1062179.22,1062179.22,1062179.22,99.971,99.971,99.971,99.971,2536,2536,2536,2536,100.0,100.0,100.0,100.0,1062484.61,1062484.61,1062484.61,1062484.61,100.0,100.0,100.0,100.0
A,1:16,10000,5064,5064,2156652.53,5063,5063,5063,5063,99.98,99.98,99.98,99.98,2156539.1,2156539.1,2156539.1,2156539.1,99.995,99.995,99.995,99.995,5063,5063,5063,5063,99.98,99.98,99.98,99.98,2156539.1,2156539.1,2156539.1,2156539.1,99.995,99.995,99.995,99.995,5063,5063,5063,5063,99.98,99.98,99.98,99.98,2156539.1,2156539.1,2156539.1,2156539.1,99.995,99.995,99.995,99.995,5063,5063,5063,5063,99.98,99.98,99.98,99.98,2156539.1,2156539.1,2156539.1,2156539.1,99.995,99.995,99.995,99.995,5063,5063,5063,5063,99.98,99.98,99.98,99.98,2156539.1,2156539.1,2156539.1,2156539.1,99.995,99.995,99.995,99.995,5063,5063,5063,5063,99.98,99.98,99.98,99.98,2156539.1,2156539.1,2156539.1,2156539.1,99.995,99.995,99.995,99.995,5063,5063,5063,5063,99.98,99.98,99.98,99.98,2156539.1,2156539.1,2156539.1,2156539.1,99.995,99.995,99.995,99.995,5063,5063,5063,5063,99.98,99.98,99.98,99.98,2156539.1,2156539.1,2156539.1,2156539.1,99.995,99.995,99.995,99.995
A,1:16,10466,5286,5286,2535784.8,5285,5285,5285,5285,99.981,99.981,99.981,99.981,2535665.27,2535665.27,2535665.27,2535665.27,99.995,99.995,99.995,99.995,5285,5285,5285,5285,99.981,99.981,99.981,99.981,2535665.27,2535665.27,2535665.27,2535665.27,99.995,99.995,99.995,99.995,5285,5285,5285,5285,99.981,99.981,99.981,99.981,2535665.27,2535665.27,2535665.27,2535665.27,99.995,99.995,99.995,99.995,5285,5285,5285,5285,99.981,99.981,99.981,99.981,2535665.27,2535665.27,2535665.27,2535665.27,99.995,99.995,99.995,99.995,5285,5285,5285,5285,99.981,99.981,99.981,99.981,2535665.27,2535665.27,2535665.27,2535665.27,99.995,99.995,99.995,99.995,5285,5285,5285,5285,99.981,99.981,99.981,99.981,2535665.27,2535665.27,2535665.27,2535665.27,99.995,99.995,99.995,99.995,5285,5285,5285,5285,99.981,99.981,99.981,99.981,2535665.27,2535665.27,2535665.27,2535665.27,99.995,99.995,99.995,99.995,5285,5285,5285,5285,99.981,99.981,99.981,99.981,2535665.27,2535665.27,2535665.27,2535665.27,99.995,99.995,99.995,99.995
AGNC,1:16,2,2,2,14.56,1,1,1,1,50.0,50.0,50.0,50.0,10.16,10.16,10.16,10.16,69.78,69.78,69.78,69.78,1,1,1,1,50.0,50.0,50.0,50.0,10.16,10.16,10.16,10.16,69.78,69.78,69.78,69.78,1,1,1,1,50.0,50.0,50.0,50.0,10.16,10.16,10.16,10.16,69.78,69.78,69.78,69.78,1,1,1,1,50.0,50.0,50.0,50.0,10.16,10.16,10.16,10.16,69.78,69.78,69.78,69.78,1,1,1,1,50.0,50.0,50.0,50.0,10.16,10.16,10.16,10.16,69.78,69.78,69.78,69.78,1,1,1,1,50.0,50.0,50.0,50.0,10.16,10.16,10.16,10.16,69.78,69.78,69.78,69.78,1,1,1,1,50.0,50.0,50.0,50.0,10.16,10.16,10.16,10.16,69.78,69.78,69.78,69.78,1,1,1,1,50.0,50.0,50.0,50.0,10.16,10.16,10.16,10.16,69.78,69.78,69.78,69.78
AGNC,1:16,3,2,2,20.0,2,2,2,2,100.0,100.0,100.0,100.0,20.0,20.0,20.0,20.0,100.0,100.0,100.0,100.0,2,2,2,2,100.0,100.0,100.0,100.0,20.0,20.0,20.0,20.0,100.0,100.0,100.0,100.0,2,2,2,2,100.0,100.0,100.0,100.0,20.0,20.0,20.0,20.0,100.0,100.0,100.0,100.0,2,2,2,2,100.0,100.0,100.0,100.0,20.0,20.0,20.0,20.0,100.0,100.0,100.0,100.0,2,2,2,2,100.0,100.0,100.0,100.0,20.0,20.0,20.0,20.0,100.0,100.0,100.0,100.0,2,2,2,2,100.0,100.0,100.0,100.0,20.0,20.0,20.0,20.0,100.0,100.0,100.0,100.0,2,2,2,2,100.0,100.0,100.0,100.0,20.0,20.0,20.0,20.0,100.0,100.0,100.0,100.0,2,2,2,2,100.0,100.0,100.0,100.0,20.0,20.0,20.0,20.0,100.0,100.0,100.0,100.0
AGNC,1:16,4,3,3,25.12,2,2,2,2,66.666,66.666,66.666,66.666,18.77,18.77,18.77,18.77,74.734,74.734,74.734,74.734,2,2,2,2,66.666,66.666,66.666,66.666,18.77,18.77,18.77,18.77,74.734,74.734,74.734,74.734,2,2,2,2,66.666,66.666,66.666,66.666,18.77,18.77,18.77,18.77,74.734,74.734,74.734,74.734,2,2,2,2,66.666,66.666,66.666,66.666,18.77,18.77,18.77,18.77,74.734,74.734,74.734,74.734,2,2,2,2,66.666,66.666,66.666,66.666,18.77,18.77,18.77,18.77,74.734,74.734,74.734,74.734,2,2,2,2,66.666,66.666,66.666,66.666,18.77,18.77,18.77,18.77,74.734,74.734,74.734,74.734,2,2,2,2,66.666,66.666,66.666,66.666,18.77,18.77,18.77,18.77,74.734,74.734,74.734,74.734,2,2,2,2,66.666,66.666,66.666,66.666,18.77,18.77,18.77,18.77,74.734,74.734,74.734,74.734
AGNC,1:16,5,4,4,31.04,3,3,3,3,75.0,75.0,75.0,75.0,26.72,26.72,26.72,26.72,86.082,86.082,86.082,86.082,3,3,3,3,75.0,75.0,75.0,75.0,26.72,26.72,26.72,26.72,86.082,86.082,86.082,86.082,3,3,3,3,75.0,75.0,75.0,75.0,26.72,26.72,26.72,26.72,86.082,86.082,86.082,86.082,3,3,3,3,75.0,75.0,75.0,75.0,26.72,26.72,26.72,26.72,86.082,86.082,86.082,86.082,3,3,3,3,75.0,75.0,75.0,75.0,26.72,26.72,26.72,26.72,86.082,86.082,86.082,86.082,3,3,3,3,75.0,75.0,75.0,75.0,26.72,26.72,26.72,26.72,86.082,86.082,86.082,86.082,3,3,3,3,75.0,75.0,75.0,75.0,26.72,26.72,26.72,26.72,86.082,86.082,86.082,86.082,3,3,3,3,75.0,75.0,75.0,75.0,26.72,26.72,26.72,26.72,86.082,86.082,86.082,86.082
AGNC,1:16,10,7,7,70.4,6,6,6,6,85.714,85.714,85.714,85.714,65.33,65.33,65.33,65.33,92.792,92.792,92.792,92.792,6,6,6,6,85.714,85.714,85.714,85.714,65.33,65.33,65.33,65.33,92.792,92.792,92.792,92.792,6,6,6,6,85.714,85.714,85.714,85.714,65.33,65.33,65.33,65.33,92.792,92.792,92.792,92.792,6,6,6,6,85.714,85.714,85.714,85.714,65.33,65.33,65.33,65.33,92.792,92.792,92.792,92.792,6,6,6,6,85.714,85.714,85.714,85.714,65.33,65.33,65.33,65.33,92.792,92.792,92.792,92.792,6,6,6,6,85.714,85.714,85.714,85.714,65.33,65.33,65.33,65.33,92.792,92.792,92.792,92.792,6,6,6,6,85.714,85.714,85.714,85.714,65.33,65.33,65.33,65.33,92.792,92.792,92.792,92.792,6,6,6,6,85.714,85.714,85.714,85.714,65.33,65.33,65.33,65.33,92.792,92.792,92.792,92.792
AGNC,1:16,15,9,9,101.12,9,9,9,9,100.0,100.0,100.0,100.0,101.12,101.12,101.12,101.12,100.0,100.0,100.0,100.0,9,9,9,9,100.0,100.0,100.0,100.0,101.12,101.12,101.12,101.12,100.0,100.0,100.0,100.0,9,9,9,9,100.0,100.0,100.0,100.0,101.12,101.12,101.12,101.12,100.0,100.0,100.0,100.0,9,9,9,9,100.0,100.0,100.0,100.0,101.12,101.12,101.12,101.12,100.0,100.0,100.0,100.0,9,9,9,9,100.0,100.0,100.0,100.0,101.12,101.12,101.12,101.12,100.0,100.0,100.0,100.0,9,9,9,9,100.0,100.0,100.0,100.0,101.12,101.12,101.12,101.12,100.0,100.0,100.0,100.0,9,9,9,9,100.0,100.0,100.0,100.0,101.12,101.12,101.12,101.12,100.0,100.0,100.0,100.0,9,9,9,9,100.0,100.0,100.0,100.0,101.12,101.12,101.12,101.12,100.0,100.0,100.0,100.0
AGNC,1:16,25,16,16,321.93,15,15,15,15,93.75,93.75,93.75,93.75,307.63,307.63,307.63,307.63,95.558,95.558,95.558,95.558,16,16,16,16,100.0,100.0,100.0,100.0,321.93,321.93,321.93,321.93,100.0,100.0,100.0,100.0,15,15,15,15,93.75,93.75,93.75,93.75,307.63,307.63,307.63,307.63,95.558,95.558,95.558,95.558,16,16,16,16,100.0,100.0,100.0,100.0,321.93,321.93,321.93,321.93,100.0,100.0,100.0,100.0,15,15,15,15,93.75,93.75,93.75,93.75,307.63,307.63,307.63,307.63,95.558,95.558,95.558,95.558,16,16,16,16,100.0,100.0,100.0,100.0,321.93,321.93,321.93,321.93,100.0,100.0,100.0,100.0,15,15,15,15,93.75,93.75,93.75,93.75,307.63,307.63,307.63,307.63,95.558,95.558,95.558,95.558,16,16,16,16,100.0,100.0,100.0,100.0,321.93,321.93,321.93,321.93,100.0,100.0,100.0,100.0
AGNC,1:16,50,27,27,1295.53,27,27,27,27,100.0,100.0,100.0,100.0,1295.53,1295.53,1295.53,1295.53,100.0,100.0,100.0,100.0,27,27,27,27,100.0,100.0,100.0,100.0,1295.53,1295.53,1295.53,1295.53,100.0,100.0,100.0,100.0,27,27,27,27,100.0,100.0,100.0,100.0,1295.53,1295.53,1295.53,1295.53,100.0,100.0,100.0,100.0,27,27,27,27,100.0,100.0,100.0,100.0,1295.53,1295.53,1295.53,1295.53,100.0,100.0,100.0,100.0,27,27,27,27,100.0,100.0,100.0,100.0,1295.53,1295.53,1295.53,1295.53,100.0,100.0,100.0,100.0,27,27,27,27,100.0,100.0,100.0,100.0,1295.53,1295.53,1295.53,1295.53,100.0,100.0,100.0,100.0,27,27,27,27,100.0,100.0,100.0,100.0,1295.53,1295.53,1295.53,1295.53,100.0,100.0,100.0,100.0,27,27,27,27,100.0,100.0,100.0,100.0,1295.53,1295.53,1295.53,1295.53,100.0,100.0,100.0,100.0
AGNC,1:16,100,55,55,2376.02,54,54,54,54,98.181,98.181,98.181,98.181,2354.31,2354.31,2354.31,2354.31,99.086,99.086,99.086,99.086,54,54,54,54,98.181,98.181,98.181,98.181,2354.31,2354.31,2354.31,2354.31,99.086,99.086,99.086,99.086,54,54,54,54,98.181,98.181,98.181,98.181,2354.31,2354.31,2354.31,2354.31,99.086,99.086,99.086,99.086,54,54,54,54,98.181,98.181,98.181,98.181,2354.31,2354.31,2354.31,2354.31,99.086,99.086,99.086,99.086,54,54,54,54,98.181,98.181,98.181,98.181,2354.31,2354.31,2354.31,2354.31,99.086,99.086,99.086,99.086,54,54,54,54,98.181,98.181,98.181,98.181,2354.31,2354.31,2354.31,2354.31,99.086,99.086,99.086,99.086,54,54,54,54,98.181,98.181,98.181,98.181,2354.31,2354.31,2354.31,2354.31,99.086,99.086,99.086,99.086,54,54,54,54,98.181,98.181,98.181,98.181,2354.31,2354.31,2354.31,2354.31,99.086,99.086,99.086,99.086
AGNC,1:16,500,254,254,32330.97,253,253,253,253,99.606,99.606,99.606,99.606,32285.87,32285.87,32285.87,32285.87,99.861,99.861,99.861,99.861,253,253,253,253,99.606,99.606,99.606,99.606,32285.87,32285.87,32285.87,32285.87,99.861,99.861,99.861,99.861,253,253,253,253,99.606,99.606,99.606,99.606,32285.87,32285.87,32285.87,32285.87,99.861,99.861,99.861,99.861,253,253,253,253,99.606,99.606,99.606,99.606,32285.87,32285.87,32285.87,32285.87,99.861,99.861,99.861,99.861,253,253,253,253,99.606,99.606,99.606,99.606,32285.87,32285.87,32285.87,32285.87,99.861,99.861,99.861,99.861,253,253,253,253,99.606,99.606,99.606,99.606,32285.87,32285.87,32285.87,32285.87,99.861,99.861,99.861,99.861,253,253,253,253,99.606,99.606,99.606,99.606,32285.87,32285.87,32285.87,32285.87,99.861,99.861,99.861,99.861,253,253,253,253,99.606,99.606,99.606,99.606,32285.87,32285.87,32285.87,32285.87,99.861,99.861,99.861,99.861
AGNC,1:16,1000,513,513,61273.78,513,513,513,513,100.0,100.0,100.0,100.0,61273.78,61273.78,61273.78,61273.78,100.0,100.0,100.0,100.0,513,513,513,513,100.0,100.0,100.0,100.0,61273.78,61273.78,61273.78,61273.78,100.0,100.0,100.0,100.0,513,513,513,513,100.0,100.0,100.0,100.0,61273.78,61273.78,61273.78,61273.78,100.0,100.0,100.0,100.0,513,513,513,513,100.0,100.0,100.0,100.0,61273.78,61273.78,61273.78,61273.78,100.0,100.0,100.0,100.0,513,513,513,513,100.0,100.0,100.0,100.0,61273.78,61273.78,61273.78,61273.78,100.0,100.0,100.0,100.0,513,513,513,513,100.0,100.0,100.0,100.0,61273.78,61273.78,61273.78,61273.78,100.0,100.0,100.0,100.0,513,513,513,513,100.0,100.0,100.0,100.0,61273.78,61273.78,61273.78,61273.78,100.0,100.0,100.0,100.0,513,513,513,513,100.0,100.0,100.0,100.0,61273.78,61273.78,61273.78,61273.78,100.0,100.0,100.0,100.0
AGNC,1:16,2000,1009,1009,147455.46,1007,1007,1007,1007,99.801,99.801,99.801,99.801,147341.64,147341.64,147341.64,147341.64,99.923,99.923,99.923,99.923,1008,1008,1008,1008,99.9,99.9,99.9,99.9,147398.55,147398.55,147398.55,147398.55,99.961,99.961,99.961,99.961,1007,1007,1007,1007,99.801,99.801,99.801,99.801,147341.64,147341.64,147341.64,147341.64,99.923,99.923,99.923,99.923,1008,1008,1008,1008,99.9,99.9,99.9,99.9,147398.55,147398.55,147398.55,147398.55,99.961,99.961,99.961,99.961,1007,1007,1007,1007,99.801,99.801,99.801,99.801,147341.64,147341.64,147341.64,147341.64,99.923,99.923,99.923,99.923,1008,1008,1008,1008,99.9,99.9,99.9,99.9,147398.55,147398.55,147398.55,147398.55,99.961,99.961,99.961,99.961,1007,1007,1007,1007,99.801,99.801,99.801,99.801,147341.64,147341.64,147341.64,147341.64,99.923,99.923,99.923,99.923,1008,1008,1008,1008,99.9,99.9,99.9,99.9,147398.55,147398.55,147398.55,147398.55,99.961,99.961,99.961,99.961
AGNC,1:16,5000,2534,2534,370546.08,2533,2533,2533,2533,99.96,99.96,99.96,99.96,370491.39,370491.39,370491.39,370491.39,99.985,99.985,99.985,99.985,2534,2534,2534,2534,100.0,100.0,100.0,100.0,370546.08,370546.08,370546.08,370546.08,100.0,100.0,100.0,100.0,2533,2533,2533,2533,99.96,99.96,99.96,99.96,370491.39,370491.39,370491.39,370491.39,99.985,99.985,99.985,99.985,2534,2534,2534,2534,100.0,100.0,100.0,100.0,370546.08,370546.08,370546.08,370546.08,100.0,100.0,100.0,100.0,2533,2533,2533,2533,99.96,99.96,99.96,99.96,370491.39,370491.39,370491.39,370491.39,99.985,99.985,99.985,99.985,2534,2534,2534,2534,100.0,100.0,100.0,100.0,370546.08,370546.08,370546.08,370546.08,100.0,100.0,100.0,100.0,2533,2533,2533,2533,99.96,99.96,99.96,99.96,370491.39,370491.39,370491.39,370491.39,99.985,99.985,99.985,99.985,2534,2534,2534,2534,100.0,100.0,100.0,100.0,370546.08,370546.08,370546.08,370546.08,100.0,100.0,100.0,100.0
AGNC,1:16,6200,3125,3125,438940.07,3125,3125,3125,3125,100.0,100.0,100.0,100.0,438940.07,438940.07,438940.07,438940.07,100.0,100.0,100.0,100.0,3125,3125,3125,3125,100.0,100.0,100.0,100.0,438940.07,438940.07,438940.07,438940.07,100.0,100.0,100.0,100.0,3125,3125,3125,3125,100.0,100.0,100.0,100.0,438940.07,438940.07,438940.07,438940.07,100.0,100.0,100.0,100.0,3125,3125,3125,3125,100.0,100.0,100.0,100.0,438940.07,438940.07,438940.07,438940.07,100.0,100.0,100.0,100.0,3125,3125,3125,3125,100.0,100.0,100.0,100.0,438940.07,438940.07,438940.07,438940.07,100.0,100.0,100.0,100.0,3125,3125,3125,3125,100.0,100.0,100.0,100.0,438940.07,438940.07,438940.07,438940.07,100.0,100.0,100.0,100.0,3125,3125,3125,3125,100.0,100.0,100.0,100.0,438940.07,438940.07,438940.07,438940.07,100.0,100.0,100.0,100.0,3125,3125,3125,3125,100.0,100.0,100.0,100.0,438940.07,438940.07,438940.07,438940.07,100.0,100.0,100.0,100.0
AMAT,1:16,2,2,2,3.11,1,1,1,1,50.0,50.0,50.0,50.0,1.57,1.57,1.57,1.57,50.447,50.447,50.447,50.447,1,1,1,1,50.0,50.0,50.0,50.0,1.57,1.57,1.57,1.57,50.447,50.447,50.447,50.447,1,1,1,1,50.0,50.0,50.0,50.0,1.57,1.57,1.57,1.57,50.447,50.447,50.447,50.447,1,1,1,1,50.0,50.0,50.0,50.0,1.57,1.57,1.57,1.57,50.447,50.447,50.447,50.447,1,1,1,1,50.0,50.0,50.0,50.0,1.57,1.57,1.57,1.57,50.447,50.447,50.447,50.447,1,1,1,1,50.0,50.0,50.0,50.0,1.57,1.57,1.57,1.57,50.447,50.447,50.447,50.447,1,1,1,1,50.0,50.0,50.0,50.0,1.57,1.57,1.57,1.57,50.447,50.447,50.447,50.447,1,1,1,1,50.0,50.0,50.0,50.0,1.57,1.57,1.57,1.57,50.447,50.447,50.447,50.447
AMAT,1:16,3,3,3,4.68,2,2,2,2,66.666,66.666,66.666,66.666,3.14,3.14,3.14,3.14,67.063,67.063,67.063,67.063,2,2,2,2,66.666,66.666,66.666,66.666,3.14,3.14,3.14,3.14,67.063,67.063,67.063,67.063,2,2,2,2,66.666,66.666,66.666,66.666,3.14,3.14,3.14,3.14,67.063,67.063,67.063,67.063,2,2,2,2,66.666,66.666,66.666,66.666,3.14,3.14,3.14,3.14,67.063,67.063,67.063,67.063,2,2,2,2,66.666,66.666,66.666,66.666,3.14,3.14,3.14,3.14,67.063,67.063,67.063,67.063,2,2,2,2,66.666,66.666,66.666,66.666,3.14,3.14,3.14,3.14,67.063,67.063,67.063,67.063,2,2,2,2,66.666,66.666,66.666,66.666,3.14,3.14,3.14,3.14,67.063,67.063,67.063,67.063,2,2,2,2,66.666,66.666,66.666,66.666,3.14,3.14,3.14,3.14,67.063,67.063,67.063,67.063
AMAT,1:16,4,4,4,6.27,3,3,3,3,75.0,75.0,75.0,75.0,4.73,4.73,4.73,4.73,75.443,75.443,75.443,75.443,3,3,3,3,75.0,75.0,75.0,75.0,4.73,4.73,4.73,4.73,75.443,75.443,75.443,75.443,3,3,3,3,75.0,75.0,75.0,75.0,4.73,4.73,4.73,4.73,75.443,75.443,75.443,75.443,3,3,3,3,75.0,75.0,75.0,75.0,4.73,4.73,4.73,4.73,75.443,75.443,75.443,75.443,3,3,3,3,75.0,75.0,75.0,75.0,4.73,4.73,4.73,4.73,75.443,75.443,75.443,75.443,3,3,3,3,75.0,75.0,75.0,75.0,4.73,4.73,4.73,4.73,75.443,75.443,75.443,75.443,3,3,3,3,75.0,75.0,75.0,75.0,4.73,4.73,4.73,4.73,75.443,75.443,75.443,75.443,3,3,3,3,75.0,75.0,75.0,75.0,4.73,4.73,4.73,4.73,75.443,75.443,75.443,75.443
AMAT,1:16,5,5,5,7.92,4,4,4,4,80.0,80.0,80.0,80.0,6.38,6.38,6.38,6.38,80.561,80.561,80.561,80.561,4,4,4,4,80.0,80.0,80.0,80.0,6.38,6.38,6.38,6.38,80.561,80.561,80.561,80.561,4,4,4,4,80.0,80.0,80.0,80.0,6.38,6.38,6.38,6.38,80.561,80.561,80.561,80.561,4,4,4,4,80.0,80.0,80.0,80.0,6.38,6.38,6.38,6.38,80.561,80.561,80.561,80.561,4,4,4,4,80.0,80.0,80.0,80.0,6.38,6.38,6.38,6.38,80.561,80.561,80.561,80.561,4,4,4,4,80.0,80.0,80.0,80.0,6.38,6.38,6.38,6.38,80.561,80.561,80.561,80.561,4,4,4,4,80.0,80.0,80.0,80.0,6.38,6.38,6.38,6.38,80.561,80.561,80.561,80.561,4,4,4,4,80.0,80.0,80.0,80.0,6.38,6.38,6.38,6.38,80.561,80.561,80.561,80.561
AMAT,1:16,10,10,10,15.08,9,9,9,9,90.0,90.0,90.0,90.0,13.8,13.8,13.8,13.8,91.538,91.538,91.538,91.538,9,9,9,9,90.0,90.0,90.0,90.0,13.8,13.8,13.8,13.8,91.538,91.538,91.538,91.538,9,9,9,9,90.0,90.0,90.0,90.0,13.8,13.8,13.8,13.8,91.538,91.538,91.538,91.538,9,9,9,9,90.0,90.0,90.0,90.0,13.8,13.8,13.8,13.8,91.538,91.538,91.538,91.538,9,9,9,9,90.0,90.0,90.0,90.0,13.8,13.8,13.8,13.8,91.538,91.538,91.538,91.538,9,9,9,9,90.0,90.0,90.0,90.0,13.8,13.8,13.8,13.8,91.538,91.538,91.538,91.538,9,9,9,9,90.0,90.0,90.0,90.0,13.8,13.8,13.8,13.8,91.538,91.538,91.538,91.538,9,9,9,9,90.0,90.0,90.0,90.0,13.8,13.8,13.8,13.8,91.538,91.538,91.538,91.538
AMAT,1:16,15,15,15,22.61,14,14,14,14,93.333,93.333,93.333,93.333,21.34,21.34,21.34,21.34,94.357,94.357,94.357,94.357,14,14,14,14,93.333,93.333,93.333,93.333,21.34,21.34,21.34,21.34,94.357,94.357,94.357,94.357,14,14,14,14,93.333,93.333,93.333,93.333,21.34,21.34,21.34,21.34,94.357,94.357,94.357,94.357,14,14,14,14,93.333,93.333,93.333,93.333,21.34,21.34,21.34,21.34,94.357,94.357,94.357,94.357,14,14,14,14,93.333,93.333,93.333,93.333,21.34,21.34,21.34,21.34,94.357,94.357,94.357,94.357,14,14,14,14,93.333,93.333,93.333,93.333,21.34,21.34,21.34,21.34,94.357,94.357,94.357,94.357,14,14,14,14,93.333,93.333,93.333,93.333,21.34,21.34,21.34,21.34,94.357,94.357,94.357,94.357,14,14,14,14,93.333,93.333,93.333,93.333,21.34,21.34,21.34,21.34,94.357,94.357,94.357,94.357
AMAT,1:16,25,25,25,37.1,24,24,24,24,96.0,96.0,96.0,96.0,35.82,35.82,35.82,35.82,96.56,96.56,96.56,96.56,24,24,24,24,96.0,96.0,96.0,96.0,35.82,35.82,35.82,35.82,96.56,96.56,96.56,96.56,24,24,24,24,96.0,96.0,96.0,96.0,35.82,35.82,35.82,35.82,96.56,96.56,96.56,96.56,24,24,24,24,96.0,96.0,96.0,96.0,35.82,35.82,35.82,35.82,96.56,96.56,96.56,96.56,24,24,24,24,96.0,96.0,96.0,96.0,35.82,35.82,35.82,35.82,96.56,96.56,96.56,96.56,24,24,24,24,96.0,96.0,96.0,96.0,35.82,35.82,35.82,35.82,96.56,96.56,96.56,96.56,24,24,24,24,96.0,96.0,96.0,96.0,35.82,35.82,35.82,35.82,96.56,96.56,96.56,96.56,24,24,24,24,96.0,96.0,96.0,96.0,35.82,35.82,35.82,35.82,96.56,96.56,96.56,96.56
AMAT,1:16,50,50,50,77.39,49,49,49,49,98.0,98.0,98.0,98.0,76.11,76.11,76.11,76.11,98.351,98.351,98.351,98.351,49,49,49,49,98.0,98.0,98.0,98.0,76.11,76.11,76.11,76.11,98.351,98.351,98.351,98.351,49,49,49,49,98.0,98.0,98.0,98.0,76.11,76.11,76.11,76.11,98.351,98.351,98.351,98.351,49,49,49,49,98.0,98.0,98.0,98.0,76.11,76.11,76.11,76.11,98.351,98.351,98.351,98.351,49,49,49,49,98.0,98.0,98.0,98.0,76.11,76.11,76.11,76.11,98.351,98.351,98.351,98.351,49,49,49,49,98.0,98.0,98.0,98.0,76.11,76.11,76.11,76.11,98.351,98.351,98.351,98.351,49,49,49,49,98.0,98.0,98.0,98.0,76.11,76.11,76.11,76.11,98.351,98.351,98.351,98.351,49,49,49,49,98.0,98.0,98.0,98.0,76.11,76.11,76.11,76.11,98.351,98.351,98.351,98.351
AMAT,1:16,100,100,100,175.02,99,99,99,99,99.0,99.0,99.0,99.0,173.74,173.74,173.74,173.74,99.271,99.271,99.271,99.271,99,99,99,99,99.0,99.0,99.0,99.0,173.74,173.74,173.74,173.74,99.271,99.271,99.271,99.271,99,99,99,99,99.0,99.0,99.0,99.0,173.74,173.74,173.74,173.74,99.271,99.271,99.271,99.271,99,99,99,99,99.0,99.0,99.0,99.0,173.74,173.74,173.74,173.74,99.271,99.271,99.271,99.271,99,99,99,99,99.0,99.0,99.0,99.0,173.74,173.74,173.74,173.74,99.271,99.271,99.271,99.271,99,99,99,99,99.0,99.0,99.0,99.0,173.74,173.74,173.74,173.74,99.271,99.271,99.271,99.271,99,99,99,99,99.0,99.0,99.0,99.0,173.74,173.74,173.74,173.74,99.271,99.271,99.271,99.271,99,99,99,99,99.0,99.0,99.0,99.0,173.74,173.74,173.74,173.74,99.271,99.271,99.271,99.271
AMAT,1:16,500,499,499,1243.02,498,498,498,498,99.799,99.799,99.799,99.799,1241.65,1241.65,1241.65,1241.65,99.89,99.89,99.89,99.89,498,498,498,498,99.799,99.799,99.799,99.799,1241.65,1241.65,1241.65,1241.65,99.89,99.89,99.89,99.89,498,498,498,498,99.799,99.799,99.799,99.799,1241.65,1241.65,1241.65,1241.65,99.89,99.89,99.89,99.89,498,498,498,498,99.799,99.799,99.799,99.799,1241.65,1241.65,1241.65,1241.65,99.89,99.89,99.89,99.89,498,498,498,498,99.799,99.799,99.799,99.799,1241.65,1241.65,1241.65,1241.65,99.89,99.89,99.89,99.89,498,498,498,498,99.799,99.799,99.799,99.799,1241.65,1241.65,1241.65,1241.65,99.89,99.89,99.89,99.89,498,498,498,498,99.799,99.799,99.799,99.799,1241.65,1241.65,1241.65,1241.65,99.89,99.89,99.89,99.89,498,498,498,498,99.799,99.799,99.799,99.799,1241.65,1241.65,1241.65,1241.65,99.89,99.89,99.89,99.89
AMAT,1:16,1000,999,999,3015.05,998,998,998,998,99.899,99.899,99.899,99.899,3013.67,3013.67,3013.67,3013.67,99.954,99.954,99.954,99.954,998,998,998,998,99.899,99.899,99.899,99.899,3013.67,3013.67,3013.67,3013.67,99.954,99.954,99.954,99.954,998,998,998,998,99.899,99.899,99.899,99.899,3013.67,3013.67,3013.67,3013.67,99.954,99.954,99.954,99.954,998,998,998,998,99.899,99.899,99.899,99.899,3013.67,3013.67,3013.67,3013.67,99.954,99.954,99.954,99.954,998,998,998,998,99.899,99.899,99.899,99.899,3013.67,3013.67,3013.67,3013.67,99.954,99.954,99.954,99.954,998,998,998,998,99.899,99.899,99.899,99.899,3013.67,3013.67,3013.67,3013.67,99.954,99.954,99.954,99.954,998,998,998,998,99.899,99.899,99.899,99.899,3013.67,3013.67,3013.67,3013.67,99.954,99.954,99.954,99.954,998,998,998,998,99.899,99.899,99.899,99.899,3013.67,3013.67,3013.67,3013.67,99.954,99.954,99.954,99.954
AMAT,1:16,2000,1327,1327,4866.13,1323,1323,1323,1323,99.698,99.698,99.698,99.698,4860.99,4860.99,4860.99,4860.99,99.894,99.894,99.894,99.894,1327,1327,1327,1327,100.0,100.0,100.0,100.0,4866.13,4866.13,4866.13,4866.13,100.0,100.0,100.0,100.0,1323,1323,1323,1323,99.698,99.698,99.698,99.698,4860.99,4860.99,4860.99,4860.99,99.894,99.894,99.894,99.894,1327,1327,1327,1327,100.0,100.0,100.0,100.0,4866.13,4866.13,4866.13,4866.13,100.0,100.0,100.0,100.0,1323,1323,1323,1323,99.698,99.698,99.698,99.698,4860.99,4860.99,4860.99,4860.99,99.894,99.894,99.894,99.894,1327,1327,1327,1327,100.0,100.0,100.0,100.0,4866.13,4866.13,4866.13,4866.13,100.0,100.0,100.0,100.0,1323,1323,1323,1323,99.698,99.698,99.698,99.698,4860.99,4860.99,4860.99,4860.99,99.894,99.894,99.894,99.894,1327,1327,1327,1327,100.0,100.0,100.0,100.0,4866.13,4866.13,4866.13,4866.13,100.0,100.0,100.0,100.0
AMAT,1:16,5000,2537,2537,200951.53,2529,2529,2529,2529,99.684,99.684,99.684,99.684,200916.38,200916.38,200916.38,200916.38,99.983,99.983,99.983,99.983,2536,2536,2536,2536,99.96,99.96,99.96,99.96,200947.14,200947.14,200947.14,200947.14,99.998,99.998,99.998,99.998,2529,2529,2529,2529,99.684,99.684,99.684,99.684,200916.38,200916.38,200916.38,200916.38,99.983,99.983,99.983,99.983,2536,2536,2536,2536,99.96,99.96,99.96,99.96,200947.14,200947.14,200947.14,200947.14,99.998,99.998,99.998,99.998,2529,2529,2529,2529,99.684,99.684,99.684,99.684,200916.38,200916.38,200916.38,200916.38,99.983,99.983,99.983,99.983,2536,2536,2536,2536,99.96,99.96,99.96,99.96,200947.14,200947.14,200947.14,200947.14,99.998,99.998,99.998,99.998,2529,2529,2529,2529,99.684,99.684,99.684,99.684,200916.38,200916.38,200916.38,200916.38,99.983,99.983,99.983,99.983,2536,2536,2536,2536,99.96,99.96,99.96,99.96,200947.14,200947.14,200947.14,200947.14,99.998,99.998,99.998,99.998
AMAT,1:16,10000,5034,5037,1675379.12,5031,5031,5031,5031,99.88,99.88,99.88,99.88,1674809.9,1674809.9,1674809.9,1674809.9,99.966,99.966,99.966,99.966,5036,5036,5036,5036,99.98,99.98,99.98,99.98,1675236.13,1675236.13,1675236.13,1675236.13,99.991,99.991,99.991,99.991,5031,5031,5031,5031,99.88,99.88,99.88,99.88,1674809.9,1674809.9,1674809.9,1674809.9,99.966,99.966,99.966,99.966,5036,5036,5036,5036,99.98,99.98,99.98,99.98,1675236.13,1675236.13,1675236.13,1675236.13,99.991,99.991,99.991,99.991,5031,5031,5031,5031,99.88,99.88,99.88,99.88,1674809.9,1674809.9,1674809.9,1674809.9,99.966,99.966,99.966,99.966,5036,5036,5036,5036,99.98,99.98,99.98,99.98,1675236.13,1675236.13,1675236.13,1675236.13,99.991,99.991,99.991,99.991,5031,5031,5031,5031,99.88,99.88,99.88,99.88,1674809.9,1674809.9,1674809.9,1674809.9,99.966,99.966,99.966,99.966,5036,5036,5036,5036,99.98,99.98,99.98,99.98,1675236.13,1675236.13,1675236.13,1675236.13,99.991,99.991,99.991,99.991
AMAT,1:16,20000,10072,10072,3368046.12,10068,10068,10068,10068,99.96,99.96,99.96,99.96,3367275.76,3367275.76,3367275.76,3367275.76,99.977,99.977,99.977,99.977,10072,10072,10072,10072,100.0,100.0,100.0,100.0,3368046.12,3368046.12,3368046.12,3368046.12,100.0,100.0,100.0,100.0,10068,10068,10068,10068,99.96,99.96,99.96,99.96,3367275.76,3367275.76,3367275.76,3367275.76,99.977,99.977,99.977,99.977,10072,10072,10072,10072,100.0,100.0,100.0,100.0,3368046.12,3368046.12,3368046.12,3368046.12,100.0,100.0,100.0,100.0,10068,10068,10068,10068,99.96,99.96,99.96,99.96,3367275.76,3367275.76,3367275.76,3367275.76,99.977,99.977,99.977,99.977,10072,10072,10072,10072,100.0,100.0,100.0,100.0,3368046.12,3368046.12,3368046.12,3368046.12,100.0,100.0,100.0,100.0,10068,10068,10068,10068,99.96,99.96,99.96,99.96,3367275.76,3367275.76,3367275.76,3367275.76,99.977,99.977,99.977,99.977,10072,10072,10072,10072,100.0,100.0,100.0,100.0,3368046.12,3368046.12,3368046.12,3368046.12,100.0,100.0,100.0,100.0
AMAT,1:16,20414,10258,10259,3633376.94,10250,10250,10250,10250,99.912,99.912,99.912,99.912,3631702.9,3631702.9,3631702.9,3631702.9,99.954,99.954,99.954,99.954,10258,10258,10258,10258,99.99,99.99,99.99,99.99,3633232.01,3633232.01,3633232.01,3633232.01,99.996,99.996,99.996,99.996,10250,10250,10250,10250,99.912,99.912,99.912,99.912,3631702.9,3631702.9,3631702.9,3631702.9,99.954,99.954,99.954,99.954,10258,10258,10258,10258,99.99,99.99,99.99,99.99,3633232.01,3633232.01,3633232.01,3633232.01,99.996,99.996,99.996,99.996,10250,10250,10250,10250,99.912,99.912,99.912,99.912,3631702.9,3631702.9,3631702.9,3631702.9,99.954,99.954,99.954,99.954,10258,10258,10258,10258,99.99,99.99,99.99,99.99,3633232.01,3633232.01,3633232.01,3633232.01,99.996,99.996,99.996,99.996,10250,10250,10250,10250,99.912,99.912,99.912,99.912,3631702.9,3631702.9,3631702.9,3631702.9,99.954,99.954,99.954,99.954,10258,10258,10258,10258,99.99,99.99,99.99,99.99,3633232.01,3633232.01,3633232.01,3633232.01,99.996,99.996,99.996,99.996
AMZN,1:16,2,1,1,8.5,1,1,1,1,100.0,100.0,100.0,100.0,8.5,8.5,8.5,8.5,100.0,100.0,100.0,100.0,1,1,1,1,100.0,100.0,100.0,100.0,8.5,8.5,8.5,8.5,100.0,100.0,100.0,100.0,1,1,1,1,100.0,100.0,100.0,100.0,8.5,8.5,8.5,8.5,100.0,100.0,100.0,100.0,1,1,1,1,100.0,100.0,100.0,100.0,8.5,8.5,8.5,8.5,100.0,100.0,100.0,100.0,1,1,1,1,100.0,100.0,100.0,100.0,8.5,8.5,8.5,8.5,100.0,100.0,100.0,100.0,1,1,1,1,100.0,100.0,100.0,100.0,8.5,8.5,8.5,8.5,100.0,100.0,100.0,100.0,1,1,1,1,100.0,100.0,100.0,100.0,8.5,8.5,8.5,8.5,100.0,100.0,100.0,100.0,1,1,1,1,100.0,100.0,100.0,100.0,8.5,8.5,8.5,8.5,100.0,100.0,100.0,100.0
AMZN,1:16,3,2,2,12.0,1,1,1,1,50.0,50.0,50.0,50.0,10.17,10.17,10.17,10.17,84.72,84.72,84.72,84.72,1,1,1,1,50.0,50.0,50.0,50.0,10.17,10.17,10.17,10.17,84.72,84.72,84.72,84.72,1,1,1,1,50.0,50.0,50.0,50.0,10.17,10.17,10.17,10.17,84.72,84.72,84.72,84.72,1,1,1,1,50.0,50.0,50.0,50.0,10.17,10.17,10.17,10.17,84.72,84.72,84.72,84.72,1,1,1,1,50.0,50.0,50.0,50.0,10.17,10.17,10.17,10.17,84.72,84.72,84.72,84.72,1,1,1,1,50.0,50.0,50.0,50.0,10.17,10.17,10.17,10.17,84.72,84.72,84.72,84.72,1,1,1,1,50.0,50.0,50.0,50.0,10.17,10.17,10.17,10.17,84.72,84.72,84.72,84.72,1,1,1,1,50.0,50.0,50.0,50.0,10.17,10.17,10.17,10.17,84.72,84.72,84.72,84.72
AMZN,1:16,4,2,2,15.83,2,2,2,2,100.0,100.0,100.0,100.0,15.83,15.83,15.83,15.83,100.0,100.0,100.0,100.0,2,2,2,2,100.0,100.0,100.0,100.0,15.83,15.83,15.83,15.83,100.0,100.0,100.0,100.0,2,2,2,2,100.0,100.0,100.0,100.0,15.83,15.83,15.83,15.83,100.0,100.0,100.0,100.0,2,2,2,2,100.0,100.0,100.0,100.0,15.83,15.83,15.83,15.83,100.0,100.0,100.0,100.0,2,2,2,2,100.0,100.0,100.0,100.0,15.83,15.83,15.83,15.83,100.0,100.0,100.0,100.0,2,2,2,2,100.0,100.0,100.0,100.0,15.83,15.83,15.83,15.83,100.0,100.0,100.0,100.0,2,2,2,2,100.0,100.0,100.0,100.0,15.83,15.83,15.83,15.83,100.0,100.0,100.0,100.0,2,2,2,2,100.0,100.0,100.0,100.0,15.83,15.83,15.83,15.83,100.0,100.0,100.0,100.0
AMZN,1:16,5,3,3,18.0,2,2,2,2,66.666,66.666,66.666,66.666,17.0,17.0,17.0,17.0,94.442,94.442,94.442,94.442,2,2,2,2,66.666,66.666,66.666,66.666,17.0,17.0,17.0,17.0,94.442,94.442,94.442,94.442,2,2,2,2,66.666,66.666,66.666,66.666,17.0,17.0,17.0,17.0,94.442,94.442,94.442,94.442,2,2,2,2,66.666,66.666,66.666,66.666,17.0,17.0,17.0,17.0,94.442,94.442,94.442,94.442,2,2,2,2,66.666,66.666,66.666,66.666,17.0,17.0,17.0,17.0,94.442,94.442,94.442,94.442,2,2,2,2,66.666,66.666,66.666,66.666,17.0,17.0,17.0,17.0,94.442,94.442,94.442,94.442,2,2,2,2,66.666,66.666,66.666,66.666,17.0,17.0,17.0,17.0,94.442,94.442,94.442,94.442,2,2,2,2,66.666,66.666,66.666,66.666,17.0,17.0,17.0,17.0,94.442,94.442,94.442,94.442
AMZN,1:16,10,6,6,34.17,4,4,4,4,66.666,66.666,66.666,66.666,30.33,30.33,30.33,30.33,88.779,88.779,88.779,88.779,5,5,5,5,83.333,83.333,83.333,83.333,32.25,32.25,32.25,32.25,94.39,94.39,94.39,94.39,4,4,4,4,66.666,66.666,66.666,66.666,30.33,30.33,30.33,30.33,88.779,88.779,88.779,88.779,5,5,5,5,83.333,83.333,83.333,83.333,32.25,32.25,32.25,32.25,94.39,94.39,94.39,94.39,4,4,4,4,66.666,66.666,66.666,66.666,30.33,30.33,30.33,30.33,88.779,88.779,88.779,88.779,5,5,5,5,83.333,83.333,83.333,83.333,32.25,32.25,32.25,32.25,94.39,94.39,94.39,94.39,4,4,4,4,66.666,66.666,66.666,66.666,30.33,30.33,30.33,30.33,88.779,88.779,88.779,88.779,5,5,5,5,83.333,83.333,83.333,83.333,32.25,32.25,32.25,32.25,94.39,94.39,94.39,94.39
AMZN,1:16,15,9,9,42.84,7,7,7,7,77.777,77.777,77.777,77.777,40.91,40.91,40.91,40.91,95.502,95.502,95.502,95.502,8,8,8,8,88.888,88.888,88.888,88.888,41.87,41.87,41.87,41.87,97.751,97.751,97.751,97.751,7,7,7,7,77.777,77.777,77.777,77.777,40.91,40.91,40.91,40.91,95.502,95.502,95.502,95.502,8,8,8,8,88.888,88.888,88.888,88.888,41.87,41.87,41.87,41.87,97.751,97.751,97.751,97.751,7,7,7,7,77.777,77.777,77.777,77.777,40.91,40.91,40.91,40.91,95.502,95.502,95.502,95.502,8,8,8,8,88.888,88.888,88.888,88.888,41.87,41.87,41.87,41.87,97.751,97.751,97.751,97.751,7,7,7,7,77.777,77.777,77.777,77.777,40.91,40.91,40.91,40.91,95.502,95.502,95.502,95.502,8,8,8,8,88.888,88.888,88.888,88.888,41.87,41.87,41.87,41.87,97.751,97.751,97.751,97.751
AMZN,1:16,25,15,15,55.59,14,14,14,14,93.333,93.333,93.333,93.333,54.17,54.17,54.17,54.17,97.451,97.451,97.451,97.451,14,14,14,14,93.333,93.333,93.333,93.333,54.17,54.17,54.17,54.17,97.451,97.451,97.451,97.451,14,14,14,14,93.333,93.333,93.333,93.333,54.17,54.17,54.17,54.17,97.451,97.451,97.451,97.451,14,14,14,14,93.333,93.333,93.333,93.333,54.17,54.17,54.17,54.17,97.451,97.451,97.451,97.451,14,14,14,14,93.333,93.333,93.333,93.333,54.17,54.17,54.17,54.17,97.451,97.451,97.451,97.451,14,14,14,14,93.333,93.333,93.333,93.333,54.17,54.17,54.17,54.17,97.451,97.451,97.451,97.451,14,14,14,14,93.333,93.333,93.333,93.333,54.17,54.17,54.17,54.17,97.451,97.451,97.451,97.451,14,14,14,14,93.333,93.333,93.333,93.333,54.17,54.17,54.17,54.17,97.451,97.451,97.451,97.451
AMZN,1:16,50,27,28,246.52,26,26,26,26,92.857,92.857,92.857,92.857,238.98,238.98,238.98,238.98,96.941,96.941,96.941,96.941,27,27,27,27,96.428,96.428,96.428,96.428,244.98,244.98,244.98,244.98,99.378,99.378,99.378,99.378,26,26,26,26,92.857,92.857,92.857,92.857,238.98,238.98,238.98,238.98,96.941,96.941,96.941,96.941,27,27,27,27,96.428,96.428,96.428,96.428,244.98,244.98,244.98,244.98,99.378,99.378,99.378,99.378,26,26,26,26,92.857,92.857,92.857,92.857,238.98,238.98,238.98,238.98,96.941,96.941,96.941,96.941,27,27,27,27,96.428,96.428,96.428,96.428,244.98,244.98,244.98,244.98,99.378,99.378,99.378,99.378,26,26,26,26,92.857,92.857,92.857,92.857,238.98,238.98,238.98,238.98,96.941,96.941,96.941,96.941,27,27,27,27,96.428,96.428,96.428,96.428,244.98,244.98,244.98,244.98,99.378,99.378,99.378,99.378
AMZN,1:16,100,55,55,1060.87,53,53,53,53,96.363,96.363,96.363,96.363,1046.05,1046.05,1046.05,1046.05,98.603,98.603,98.603,98.603,55,55,55,55,100.0,100.0,100.0,100.0,1060.87,1060.87,1060.87,1060.87,100.0,100.0,100.0,100.0,53,53,53,53,96.363,96.363,96.363,96.363,1046.05,1046.05,1046.05,1046.05,98.603,98.603,98.603,98.603,55,55,55,55,100.0,100.0,100.0,100.0,1060.87,1060.87,1060.87,1060.87,100.0,100.0,100.0,100.0,53,53,53,53,96.363,96.363,96.363,96.363,1046.05,1046.05,1046.05,1046.05,98.603,98.603,98.603,98.603,55,55,55,55,100.0,100.0,100.0,100.0,1060.87,1060.87,1060.87,1060.87,100.0,100.0,100.0,100.0,53,53,53,53,96.363,96.363,96.363,96.363,1046.05,1046.05,1046.05,1046.05,98.603,98.603,98.603,98.603,55,55,55,55,100.0,100.0,100.0,100.0,1060.87,1060.87,1060.87,1060.87,100.0,100.0,100.0,100.0
AMZN,1:16,500,254,254,143797.99,253,253,253,253,99.606,99.606,99.606,99.606,143742.33,143742.33,143742.33,143742.33,99.961,99.961,99.961,99.961,253,253,253,253,99.606,99.606,99.606,99.606,143742.33,143742.33,143742.33,143742.33,99.961,99.961,99.961,99.961,253,253,253,253,99.606,99.606,99.606,99.606,143742.33,143742.33,143742.33,143742.33,99.961,99.961,99.961,99.961,253,253,253,253,99.606,99.606,99.606,99.606,143742.33,143742.33,143742.33,143742.33,99.961,99.961,99.961,99.961,253,253,253,253,99.606,99.606,99.606,99.606,143742.33,143742.33,143742.33,143742.33,99.961,99.961,99.961,99.961,253,253,253,253,99.606,99.606,99.606,99.606,143742.33,143742.33,143742.33,143742.33,99.961,99.961,99.961,99.961,253,253,253,253,99.606,99.606,99.606,99.606,143742.33,143742.33,143742.33,143742.33,99.961,99.961,99.961,99.961,253,253,253,253,99.606,99.606,99.606,99.606,143742.33,143742.33,143742.33,143742.33,99.961,99.961,99.961,99.961
AMZN,1:16,1000,503,503,410342.8,503,503,503,503,100.0,100.0,100.0,100.0,410342.8,410342.8,410342.8,410342.8,100.0,100.0,100.0,100.0,503,503,503,503,100.0,100.0,100.0,100.0,410342.8,410342.8,410342.8,410342.8,100.0,100.0,100.0,100.0,503,503,503,503,100.0,100.0,100.0,100.0,410342.8,410342.8,410342.8,410342.8,100.0,100.0,100.0,100.0,503,503,503,503,100.0,100.0,100.0,100.0,410342.8,410342.8,410342.8,410342.8,100.0,100.0,100.0,100.0,503,503,503,503,100.0,100.0,100.0,100.0,410342.8,410342.8,410342.8,410342.8,100.0,100.0,100.0,100.0,503,503,503,503,100.0,100.0,100.0,100.0,410342.8,410342.8,410342.8,410342.8,100.0,100.0,100.0,100.0,503,503,503,503,100.0,100.0,100.0,100.0,410342.8,410342.8,410342.8,410342.8,100.0,100.0,100.0,100.0,503,503,503,503,100.0,100.0,100.0,100.0,410342.8,410342.8,410342.8,410342.8,100.0,100.0,100.0,100.0
AMZN,1:16,2000,1007,1007,631105.02,1006,1006,1006,1006,99.9,99.9,99.9,99.9,630855.1,630855.1,630855.1,630855.1,99.96,99.96,99.96,99.96,1006,1006,1006,1006,99.9,99.9,99.9,99.9,630855.1,630855.1,630855.1,630855.1,99.96,99.96,99.96,99.96,1006,1006,1006,1006,99.9,99.9,99.9,99.9,630855.1,630855.1,630855.1,630855.1,99.96,99.96,99.96,99.96,1006,1006,1006,1006,99.9,99.9,99.9,99.9,630855.1,630855.1,630855.1,630855.1,99.96,99.96,99.96,99.96,1006,1006,1006,1006,99.9,99.9,99.9,99.9,630855.1,630855.1,630855.1,630855.1,99.96,99.96,99.96,99.96,1006,1006,1006,1006,99.9,99.9,99.9,99.9,630855.1,630855.1,630855.1,630855.1,99.96,99.96,99.96,99.96,1006,1006,1006,1006,99.9,99.9,99.9,99.9,630855.1,630855.1,630855.1,630855.1,99.96,99.96,99.96,99.96,1006,1006,1006,1006,99.9,99.9,99.9,99.9,630855.1,630855.1,630855.1,630855.1,99.96,99.96,99.96,99.96
AMZN,1:16,5000,2525,2525,10070404.29,2524,2524,2524,2524,99.96,99.96,99.96,99.96,10069824.49,10069824.49,10069824.49,10069824.49,99.994,99.994,99.994,99.994,2524,2524,2524,2524,99.96,99.96,99.96,99.96,10069824.49,10069824.49,10069824.49,10069824.49,99.994,99.994,99.994,99.994,2524,2524,2524,2524,99.96,99.96,99.96,99.96,10069824.49,10069824.49,10069824.49,10069824.49,99.994,99.994,99.994,99.994,2524,2524,2524,2524,99.96,99.96,99.96,99.96,10069824.49,10069824.49,10069824.49,10069824.49,99.994,99.994,99.994,99.994,2524,2524,2524,2524,99.96,99.96,99.96,99.96,10069824.49,10069824.49,10069824.49,10069824.49,99.994,99.994,99.994,99.994,2524,2524,2524,2524,99.96,99.96,99.96,99.96,10069824.49,10069824.49,10069824.49,10069824.49,99.994,99.994,99.994,99.994,2524,2524,2524,2524,99.96,99.96,99.96,99.96,10069824.49,10069824.49,10069824.49,10069824.49,99.994,99.994,99.994,99.994,2524,2524,2524,2524,99.96,99.96,99.96,99.96,10069824.49,10069824.49,10069824.49,10069824.49,99.994,99.994,99.994,99.994
AMZN,1:16,10000,5046,5046,36768996.07,5046,5046,5046,5046,100.0,100.0,100.0,100.0,36768996.07,36768996.07,36768996.07,36768996.07,100.0,100.0,100.0,100.0,5046,5046,5046,5046,100.0,100.0,100.0,100.0,36768996.07,36768996.07,36768996.07,36768996.07,100.0,100.0,100.0,100.0,5046,5046,5046,5046,100.0,100.0,100.0,100.0,36768996.07,36768996.07,36768996.07,36768996.07,100.0,100.0,100.0,100.0,5046,5046,5046,5046,100.0,100.0,100.0,100.0,36768996.07,36768996.07,36768996.07,36768996.07,100.0,100.0,100.0,100.0,5046,5046,5046,5046,100.0,100.0,100.0,100.0,36768996.07,36768996.07,36768996.07,36768996.07,100.0,100.0,100.0,100.0,5046,5046,5046,5046,100.0,100.0,100.0,100.0,36768996.07,36768996.07,36768996.07,36768996.07,100.0,100.0,100.0,100.0,5046,5046,5046,5046,100.0,100.0,100.0,100.0,36768996.07,36768996.07,36768996.07,36768996.07,100.0,100.0,100.0,100.0,5046,5046,5046,5046,100.0,100.0,100.0,100.0,36768996.07,36768996.07,36768996.07,36768996.07,100.0,100.0,100.0,100.0
AMZN,1:16,11734,5912,5912,65494790.53,5912,5912,5912,5912,100.0,100.0,100.0,100.0,65494790.53,65494790.53,65494790.53,65494790.53,100.0,100.0,100.0,100.0,5912,5912,5912,5912,100.0,100.0,100.0,100.0,65494790.53,65494790.53,65494790.53,65494790.53,100.0,100.0,100.0,100.0,5912,5912,5912,5912,100.0,100.0,100.0,100.0,65494790.53,65494790.53,65494790.53,65494790.53,100.0,100.0,100.0,100.0,5912,5912,5912,5912,100.0,100.0,100.0,100.0,65494790.53,65494790.53,65494790.53,65494790.53,100.0,100.0,100.0,100.0,5912,5912,5912,5912,100.0,100.0,100.0,100.0,65494790.53,65494790.53,65494790.53,65494790.53,100.0,100.0,100.0,100.0,5912,5912,5912,5912,100.0,100.0,100.0,100.0,65494790.53,65494790.53,65494790.53,65494790.53,100.0,100.0,100.0,100.0,5912,5912,5912,5912,100.0,100.0,100.0,100.0,65494790.53,65494790.53,65494790.53,65494790.53,100.0,100.0,100.0,100.0,5912,5912,5912,5912,100.0,100.0,100.0,100.0,65494790.53,65494790.53,65494790.53,65494790.53,100.0,100.0,100.0,100.0
B,1:16,2,2,2,86.33,1,1,1,1,50.0,50.0,50.0,50.0,43.66,43.66,43.66,43.66,50.579,50.579,50.579,50.579,1,1,1,1,50.0,50.0,50.0,50.0,43.67,43.67,43.67,43.67,50.579,50.579,50.579,50.579,1,1,1,1,50.0,50.0,50.0,50.0,43.66,43.66,43.66,43.66,50.579,50.579,50.579,50.579,1,1,1,1,50.0,50.0,50.0,50.0,43.67,43.67,43.67,43.67,50.579,50.579,50.579,50.579,1,1,1,1,50.0,50.0,50.0,50.0,43.66,43.66,43.66,43.66,50.579,50.579,50.579,50.579,1,1,1,1,50.0,50.0,50.0,50.0,43.67,43.67,43.67,43.67,50.579,50.579,50.579,50.579,1,1,1,1,50.0,50.0,50.0,50.0,43.66,43.66,43.66,43.66,50.579,50.579,50.579,50.579,1,1,1,1,50.0,50.0,50.0,50.0,43.67,43.67,43.67,43.67,50.579,50.579,50.579,50.579
B,1:16,3,3,3,131.66,2,2,2,2,66.666,66.666,66.666,66.666,89.0,89.0,89.0,89.0,67.595,67.595,67.595,67.595,2,2,2,2,66.666,66.666,66.666,66.666,89.0,89.0,89.0,89.0,67.595,67.595,67.595,67.595,2,2,2,2,66.666,66.666,66.666,66.666,89.0,89.0,89.0,89.0,67.595,67.595,67.595,67.595,2,2,2,2,66.666,66.666,66.666,66.666,89.0,89.0,89.0,89.0,67.595,67.595,67.595,67.595,2,2,2,2,66.666,66.666,66.666,66.666,89.0,89.0,89.0,89.0,67.595,67.595,67.595,67.595,2,2,2,2,66.666,66.666,66.666,66.666,89.0,89.0,89.0,89.0,67.595,67.595,67.595,67.595,2,2,2,2,66.666,66.666,66.666,66.666,89.0,89.0,89.0,89.0,67.595,67.595,67.595,67.595,2,2,2,2,66.666,66.666,66.666,66.666,89.0,89.0,89.0,89.0,67.595,67.595,67.595,67.595
B,1:16,4,4,4,177.66,3,3,3,3,75.0,75.0,75.0,75.0,135.0,135.0,135.0,135.0,75.985,75.985,75.985,75.985,3,3,3,3,75.0,75.0,75.0,75.0,135.0,135.0,135.0,135.0,75.985,75.985,75.985,75.985,3,3,3,3,75.0,75.0,75.0,75.0,135.0,135.0,135.0,135.0,75.985,75.985,75.985,75.985,3,3,3,3,75.0,75.0,75.0,75.0,135.0,135.0,135.0,135.0,75.985,75.985,75.985,75.985,3,3,3,3,75.0,75.0,75.0,75.0,135.0,135.0,135.0,135.0,75.985,75.985,75.985,75.985,3,3,3,3,75.0,75.0,75.0,75.0,135.0,135.0,135.0,135.0,75.985,75.985,75.985,75.985,3,3,3,3,75.0,75.0,75.0,75.0,135.0,135.0,135.0,135.0,75.985,75.985,75.985,75.985,3,3,3,3,75.0,75.0,75.0,75.0,135.0,135.0,135.0,135.0,75.985,75.985,75.985,75.985
B,1:16,5,5,5,224.99,4,4,4,4,80.0,80.0,80.0,80.0,182.33,182.33,182.33,182.33,81.037,81.037,81.037,81.037,4,4,4,4,80.0,80.0,80.0,80.0,182.33,182.33,182.33,182.33,81.037,81.037,81.037,81.037,4,4,4,4,80.0,80.0,80.0,80.0,182.33,182.33,182.33,182.33,81.037,81.037,81.037,81.037,4,4,4,4,80.0,80.0,80.0,80.0,182.33,182.33,182.33,182.33,81.037,81.037,81.037,81.037,4,4,4,4,80.0,80.0,80.0,80.0,182.33,182.33,182.33,182.33,81.037,81.037,81.037,81.037,4,4,4,4,80.0,80.0,80.0,80.0,182.33,182.33,182.33,182.33,81.037,81.037,81.037,81.037,4,4,4,4,80.0,80.0,80.0,80.0,182.33,182.33,182.33,182.33,81.037,81.037,81.037,81.037,4,4,4,4,80.0,80.0,80.0,80.0,182.33,182.33,182.33,182.33,81.037,81.037,81.037,81.037
B,1:16,10,10,10,452.32,9,9,9,9,90.0,90.0,90.0,90.0,409.65,409.65,409.65,409.65,90.567,90.567,90.567,90.567,9,9,9,9,90.0,90.0,90.0,90.0,409.65,409.65,409.65,409.65,90.567,90.567,90.567,90.567,9,9,9,9,90.0,90.0,90.0,90.0,409.65,409.65,409.65,409.65,90.567,90.567,90.567,90.567,9,9,9,9,90.0,90.0,90.0,90.0,409.65,409.65,409.65,409.65,90.567,90.567,90.567,90.567,9,9,9,9,90.0,90.0,90.0,90.0,409.65,409.65,409.65,409.65,90.567,90.567,90.567,90.567,9,9,9,9,90.0,90.0,90.0,90.0,409.65,409.65,409.65,409.65,90.567,90.567,90.567,90.567,9,9,9,9,90.0,90.0,90.0,90.0,409.65,409.65,409.65,409.65,90.567,90.567,90.567,90.567,9,9,9,9,90.0,90.0,90.0,90.0,409.65,409.65,409.65,409.65,90.567,90.567,90.567,90.567
B,1:16,15,15,15,666.31,14,14,14,14,93.333,93.333,93.333,93.333,624.64,624.64,624.64,624.64,93.747,93.747,93.747,93.747,14,14,14,14,93.333,93.333,93.333,93.333,624.64,624.64,624.64,624.64,93.747,93.747,93.747,93.747,14,14,14,14,93.333,93.333,93.333,93.333,624.64,624.64,624.64,624.64,93.747,93.747,93.747,93.747,14,14,14,14,93.333,93.333,93.333,93.333,624.64,624.64,624.64,624.64,93.747,93.747,93.747,93.747,14,14,14,14,93.333,93.333,93.333,93.333,624.64,624.64,624.64,624.64,93.747,93.747,93.747,93.747,14,14,14,14,93.333,93.333,93.333,93.333,624.64,624.64,624.64,624.64,93.747,93.747,93.747,93.747,14,14,14,14,93.333,93.333,93.333,93.333,624.64,624.64,624.64,624.64,93.747,93.747,93.747,93.747,14,14,14,14,93.333,93.333,93.333,93.333,624.64,624.64,624.64,624.64,93.747,93.747,93.747,93.747
B,1:16,25,25,25,1081.96,23,23,23,23,92.0,92.0,92.0,92.0,1000.63,1000.63,1000.63,1000.63,92.483,92.483,92.483,92.483,24,24,24,24,96.0,96.0,96.0,96.0,1041.29,1041.29,1041.29,1041.29,96.242,96.242,96.242,96.242,23,23,23,23,92.0,92.0,92.0,92.0,1000.63,1000.63,1000.63,1000.63,92.483,92.483,92.483,92.483,24,24,24,24,96.0,96.0,96.0,96.0,1041.29,1041.29,1041.29,1041.29,96.242,96.242,96.242,96.242,23,23,23,23,92.0,92.0,92.0,92.0,1000.63,1000.63,1000.63,1000.63,92.483,92.483,92.483,92.483,24,24,24,24,96.0,96.0,96.0,96.0,1041.29,1041.29,1041.29,1041.29,96.242,96.242,96.242,96.242,23,23,23,23,92.0,92.0,92.0,92.0,1000.63,1000.63,1000.63,1000.63,92.483,92.483,92.483,92.483,24,24,24,24,96.0,96.0,96.0,96.0,1041.29,1041.29,1041.29,1041.29,96.242,96.242,96.242,96.242
B,1:16,50,49,49,2086.59,48,48,48,48,97.959,97.959,97.959,97.959,2045.92,2045.92,2045.92,2045.92,98.051,98.051,98.051,98.051,48,48,48,48,97.959,97.959,97.959,97.959,2045.92,2045.92,2045.92,2045.92,98.051,98.051,98.051,98.051,48,48,48,48,97.959,97.959,97.959,97.959,2045.92,2045.92,2045.92,2045.92,98.051,98.051,98.051,98.051,48,48,48,48,97.959,97.959,97.959,97.959,2045.92,2045.92,2045.92,2045.92,98.051,98.051,98.051,98.051,48,48,48,48,97.959,97.959,97.959,97.959,2045.92,2045.92,2045.92,2045.92,98.051,98.051,98.051,98.051,48,48,48,48,97.959,97.959,97.959,97.959,2045.92,2045.92,2045.92,2045.92,98.051,98.051,98.051,98.051,48,48,48,48,97.959,97.959,97.959,97.959,2045.92,2045.92,2045.92,2045.92,98.051,98.051,98.051,98.051,48,48,48,48,97.959,97.959,97.959,97.959,2045.92,2045.92,2045.92,2045.92,98.051,98.051,98.051,98.051
B,1:16,100,99,99,4364.84,96,96,96,96,96.969,96.969,96.969,96.969,4242.84,4242.84,4242.84,4242.84,97.205,97.205,97.205,97.205,98,98,98,98,98.989,98.989,98.989,98.989,4324.17,4324.17,4324.17,4324.17,99.068,99.068,99.068,99.068,96,96,96,96,96.969,96.969,96.969,96.969,4242.84,4242.84,4242.84,4242.84,97.205,97.205,97.205,97.205,98,98,98,98,98.989,98.989,98.989,98.989,4324.17,4324.17,4324.17,4324.17,99.068,99.068,99.068,99.068,96,96,96,96,96.969,96.969,96.969,96.969,4242.84,4242.84,4242.84,4242.84,97.205,97.205,97.205,97.205,98,98,98,98,98.989,98.989,98.989,98.989,4324.17,4324.17,4324.17,4324.17,99.068,99.068,99.068,99.068,96,96,96,96,96.969,96.969,96.969,96.969,4242.84,4242.84,4242.84,4242.84,97.205,97.205,97.205,97.205,98,98,98,98,98.989,98.989,98.989,98.989,4324.17,4324.17,4324.17,4324.17,99.068,99.068,99.068,99.068
B,1:16,500,495,495,26499.19,494,494,494,494,99.797,99.797,99.797,99.797,26460.19,26460.19,26460.19,26460.19,99.853,99.853,99.853,99.853,494,494,494,494,99.797,99.797,99.797,99.797,26460.19,26460.19,26460.19,26460.19,99.853,99.853,99.853,99.853,494,494,494,494,99.797,99.797,99.797,99.797,26460.19,26460.19,26460.19,26460.19,99.853,99.853,99.853,99.853,494,494,494,494,99.797,99.797,99.797,99.797,26460.19,26460.19,26460.19,26460.19,99.853,99.853,99.853,99.853,494,494,494,494,99.797,99.797,99.797,99.797,26460.19,26460.19,26460.19,26460.19,99.853,99.853,99.853,99.853,494,494,494,494,99.797,99.797,99.797,99.797,26460.19,26460.19,26460.19,26460.19,99.853,99.853,99.853,99.853,494,494,494,494,99.797,99.797,99.797,99.797,26460.19,26460.19,26460.19,26460.19,99.853,99.853,99.853,99.853,494,494,494,494,99.797,99.797,99.797,99.797,26460.19,26460.19,26460.19,26460.19,99.853,99.853,99.853,99.853
B,1:16,1000,990,990,51040.72,989,989,989,989,99.898,99.898,99.898,99.898,51009.05,51009.05,51009.05,51009.05,99.938,99.938,99.938,99.938,989,989,989,989,99.898,99.898,99.898,99.898,51009.05,51009.05,51009.05,51009.05,99.938,99.938,99.938,99.938,989,989,989,989,99.898,99.898,99.898,99.898,51009.05,51009.05,51009.05,51009.05,99.938,99.938,99.938,99.938,989,989,989,989,99.898,99.898,99.898,99.898,51009.05,51009.05,51009.05,51009.05,99.938,99.938,99.938,99.938,989,989,989,989,99.898,99.898,99.898,99.898,51009.05,51009.05,51009.05,51009.05,99.938,99.938,99.938,99.938,989,989,989,989,99.898,99.898,99.898,99.898,51009.05,51009.05,51009.05,51009.05,99.938,99.938,99.938,99.938,989,989,989,989,99.898,99.898,99.898,99.898,51009.05,51009.05,51009.05,51009.05,99.938,99.938,99.938,99.938,989,989,989,989,99.898,99.898,99.898,99.898,51009.05,51009.05,51009.05,51009.05,99.938,99.938,99.938,99.938
B,1:16,2000,1197,1197,84651.21,1186,1186,1186,1186,99.081,99.081,99.081,99.081,84462.92,84462.92,84462.92,84462.92,99.778,99.778,99.778,99.778,1197,1197,1197,1197,100.0,100.0,100.0,100.0,84651.21,84651.21,84651.21,84651.21,100.0,100.0,100.0,100.0,1186,1186,1186,1186,99.081,99.081,99.081,99.081,84462.92,84462.92,84462.92,84462.92,99.778,99.778,99.778,99.778,1197,1197,1197,1197,100.0,100.0,100.0,100.0,84651.21,84651.21,84651.21,84651.21,100.0,100.0,100.0,100.0,1186,1186,1186,1186,99.081,99.081,99.081,99.081,84462.92,84462.92,84462.92,84462.92,99.778,99.778,99.778,99.778,1197,1197,1197,1197,100.0,100.0,100.0,100.0,84651.21,84651.21,84651.21,84651.21,100.0,100.0,100.0,100.0,1186,1186,1186,1186,99.081,99.081,99.081,99.081,84462.92,84462.92,84462.92,84462.92,99.778,99.778,99.778,99.778,1197,1197,1197,1197,100.0,100.0,100.0,100.0,84651.21,84651.21,84651.21,84651.21,100.0,100.0,100.0,100.0
B,1:16,5000,2538,2538,226424.46,2507,2507,2507,2507,98.778,98.778,98.778,98.778,225037.44,225037.44,225037.44,225037.44,99.387,99.387,99.387,99.387,2538,2538,2538,2538,100.0,100.0,100.0,100.0,226424.46,226424.46,226424.46,226424.46,100.0,100.0,100.0,100.0,2507,2507,2507,2507,98.778,98.778,98.778,98.778,225037.44,225037.44,225037.44,225037.44,99.387,99.387,99.387,99.387,2538,2538,2538,2538,100.0,100.0,100.0,100.0,226424.46,226424.46,226424.46,226424.46,100.0,100.0,100.0,100.0,2507,2507,2507,2507,98.778,98.778,98.778,98.778,225037.44,225037.44,225037.44,225037.44,99.387,99.387,99.387,99.387,2538,2538,2538,2538,100.0,100.0,100.0,100.0,226424.46,226424.46,226424.46,226424.46,100.0,100.0,100.0,100.0,2507,2507,2507,2507,98.778,98.778,98.778,98.778,225037.44,225037.44,225037.44,225037.44,99.387,99.387,99.387,99.387,2538,2538,2538,2538,100.0,100.0,100.0,100.0,226424.46,226424.46,226424.46,226424.46,100.0,100.0,100.0,100.0
B,1:16,10000,5025,5028,1804742.47,5024,5024,5024,5024,99.92,99.92,99.92,99.92,1804651.34,1804651.34,1804651.34,1804651.34,99.995,99.995,99.995,99.995,5028,5028,5028,5028,100.0,100.0,100.0,100.0,1804742.47,1804742.47,1804742.47,1804742.47,100.0,100.0,100.0,100.0,5024,5024,5024,5024,99.92,99.92,99.92,99.92,1804651.34,1804651.34,1804651.34,1804651.34,99.995,99.995,99.995,99.995,5028,5028,5028,5028,100.0,100.0,100.0,100.0,1804742.47,1804742.47,1804742.47,1804742.47,100.0,100.0,100.0,100.0,5024,5024,5024,5024,99.92,99.92,99.92,99.92,1804651.34,1804651.34,1804651.34,1804651.34,99.995,99.995,99.995,99.995,5028,5028,5028,5028,100.0,100.0,100.0,100.0,1804742.47,1804742.47,1804742.47,1804742.47,100.0,100.0,100.0,100.0,5024,5024,5024,5024,99.92,99.92,99.92,99.92,1804651.34,1804651.34,1804651.34,1804651.34,99.995,99.995,99.995,99.995,5028,5028,5028,5028,100.0,100.0,100.0,100.0,1804742.47,1804742.47,1804742.47,1804742.47,100.0,100.0,100.0,100.0
B,1:16,20000,10052,10052,3512251.25,10050,10050,10050,10050,99.98,99.98,99.98,99.98,3512082.02,3512082.02,3512082.02,3512082.02,99.995,99.995,99.995,99.995,10051,10051,10051,10051,99.99,99.99,99.99,99.99,3512166.64,3512166.64,3512166.64,3512166.64,99.998,99.998,99.998,99.998,10050,10050,10050,10050,99.98,99.98,99.98,99.98,3512082.02,3512082.02,3512082.02,3512082.02,99.995,99.995,99.995,99.995,10051,10051,10051,10051,99.99,99.99,99.99,99.99,3512166.64,3512166.64,3512166.64,3512166.64,99.998,99.998,99.998,99.998,10050,10050,10050,10050,99.98,99.98,99.98,99.98,3512082.02,3512082.02,3512082.02,3512082.02,99.995,99.995,99.995,99.995,10051,10051,10051,10051,99.99,99.99,99.99,99.99,3512166.64,3512166.64,3512166.64,3512166.64,99.998,99.998,99.998,99.998,10050,10050,10050,10050,99.98,99.98,99.98,99.98,3512082.02,3512082.02,3512082.02,3512082.02,99.995,99.995,99.995,99.995,10051,10051,10051,10051,99.99,99.99,99.99,99.99,3512166.64,3512166.64,3512166.64,3512166.64,99.998,99.998,99.998,99.998
