,recipe,n,k,k+0,OPT_GFT,OPT_GFT+0,McAfee_k',%k',total_gft,%total_gft,market_gft,market_%gft,McAfee_Without_Heuristic_k',%k',total_gft,%total_gft,market_gft,market_%gft,SBB_External_Competition_k',%k',gft,%gft,market_gft,market_%gft,SBB_Ascending_Prices_k,%k',gft,%gft,market_gft,market_%gft
stock_name,recipe,num_possible_trades,optimal_count,optimal_count_with_gft_zero,optimal_gft,optimal_gft_with_gft_zero,McAfee_count,McAfee_count_ratio,McAfee_total_gft,McAfee_total_gft_ratio,McAfee_market_gft,McAfee_market_gft_ratio,McAfee_Without_Heuristic_count,McAfee_Without_Heuristic_count_ratio,McAfee_Without_Heuristic_total_gft,McAfee_Without_Heuristic_total_gft_ratio,McAfee_Without_Heuristic_market_gft,McAfee_Without_Heuristic_market_gft_ratio,SBB_External_Competition_count,SBB_External_Competition_count_ratio,SBB_External_Competition_total_gft,SBB_External_Competition_total_gft_ratio,SBB_External_Competition_market_gft,SBB_External_Competition_market_gft_ratio,SBB_Ascending_Prices_count,SBB_Ascending_Prices_count_ratio,SBB_Ascending_Prices_total_gft,SBB_Ascending_Prices_total_gft_ratio,SBB_Ascending_Prices_market_gft,SBB_Ascending_Prices_market_gft_ratio
A,1:1,2,1,1,5052,5052,1,100.0,5052.0,100.0,5052.0,100.0,0,0.0,0,0.0,0,0.0,1,100.0,5052.0,100.0,5052.0,100.0,1,100.0,5052.0,100.0,5052.0,100.0
A,1:1,3,2,2,6974,6974,1,50.0,6214.0,89.102,5454.0,78.205,1,50.0,6214.0,89.102,5454.0,78.205,1,50.0,5633.0,80.771,5633.0,80.771,1,50.0,5633.0,80.771,5633.0,80.771
A,1:1,4,3,3,7779,7779,2,66.666,7287.0,93.675,6303.0,81.026,2,66.666,7287.0,93.675,6303.0,81.026,2,66.666,6795.33,87.355,6795.33,87.355,2,66.666,6795.33,87.355,6795.33,87.355
A,1:1,5,4,4,9836,9836,3,75.0,9791.0,99.542,9656.0,98.17,3,75.0,9791.0,99.542,9656.0,98.17,3,75.0,8919.25,90.68,8919.25,90.68,3,75.0,8919.25,90.68,8919.25,90.68
A,1:1,10,7,7,15737,15737,7,100.0,15737.0,100.0,15737.0,100.0,6,85.714,15424.0,98.011,13546.0,86.077,6,85.714,14657.71,93.142,14657.71,93.142,7,100.0,15737.0,100.0,15737.0,100.0
A,1:1,15,8,8,25572,25572,8,100.0,25572.0,100.0,25572.0,100.0,7,87.5,24812.0,97.028,19492.0,76.224,8,100.0,25572.0,100.0,25572.0,100.0,8,100.0,25572.0,100.0,25572.0,100.0
A,1:1,25,15,15,43947,43947,14,93.333,43857.0,99.795,42597.0,96.928,14,93.333,43857.0,99.795,42597.0,96.928,14,93.333,42074.8,95.74,42074.8,95.74,15,100.0,43947.0,100.0,43947.0,100.0
A,1:1,50,26,26,459632,459632,25,96.153,459587.0,99.99,458462.0,99.745,25,96.153,459587.0,99.99,458462.0,99.745,25,96.153,455575.58,99.117,455575.58,99.117,25,96.153,455575.58,99.117,455575.58,99.117
A,1:1,100,52,53,1960301,1960301,52,98.113,1960301.0,100.0,1960301.0,100.0,52,98.113,1960301.0,100.0,1960301.0,100.0,52,100.0,1960301.0,100.0,1960301.0,100.0,52,98.113,1946066.92,99.274,1946066.92,99.274
A,1:1,500,254,254,7367040,7367040,254,100.0,7367040.0,100.0,7367040.0,100.0,253,99.606,7366951.0,99.999,7344434.0,99.693,253,99.606,7357249.17,99.867,7357249.17,99.867,254,100.0,7367040.0,100.0,7367040.0,100.0
A,1:1,1000,515,516,12790433,12790433,515,99.806,12790433.0,100.0,12790433.0,100.0,515,99.806,12790433.0,100.0,12790433.0,100.0,515,100.0,12790433.0,100.0,12790433.0,100.0,516,100.0,12790433.0,100.0,12790433.0,100.0
A,1:1,2000,1018,1020,16397989,16397989,1019,99.901,16397989.0,100.0,16397989.0,100.0,1019,99.901,16397989.0,100.0,16397989.0,100.0,1016,99.803,16377318.76,99.874,16377318.76,99.874,1019,99.901,16392227.4,99.965,16392227.4,99.965
A,1:1,5000,2535,2536,66405327,66405327,2535,99.96,66405327.0,100.0,66405327.0,100.0,2535,99.96,66405327.0,100.0,66405327.0,100.0,2532,99.881,66384024.65,99.968,66384024.65,99.968,2536,100.0,66405327.0,100.0,66405327.0,100.0
A,1:1,10000,5063,5064,134790841,134790841,5063,99.98,134790841.0,100.0,134790841.0,100.0,5063,99.98,134790841.0,100.0,134790841.0,100.0,5063,100.0,134790841.0,100.0,134790841.0,100.0,5063,99.98,134783751.77,99.995,134783751.77,99.995
A,1:1,10466,5285,5286,158486616,158486616,5285,99.981,158486616.0,100.0,158486616.0,100.0,5285,99.981,158486616.0,100.0,158486616.0,100.0,5282,99.943,158419068.48,99.957,158419068.48,99.957,5285,99.981,158479145.25,99.995,158479145.25,99.995
AGNC,1:1,2,2,2,910,910,1,50.0,760.0,83.516,610.0,67.033,1,50.0,760.0,83.516,610.0,67.033,1,50.0,635.0,69.78,635.0,69.78,1,50.0,635.0,69.78,635.0,69.78
AGNC,1:1,3,2,2,1250,1250,2,100.0,1250.0,100.0,1250.0,100.0,1,50.0,760.0,60.8,270.0,21.6,2,100.0,1250.0,100.0,1250.0,100.0,2,100.0,1250.0,100.0,1250.0,100.0
AGNC,1:1,4,3,3,1569,1569,3,100.0,1569.0,100.0,1569.0,100.0,2,66.666,1260.0,80.306,642.0,40.918,2,66.666,1173.33,74.782,1173.33,74.782,2,66.666,1173.33,74.782,1173.33,74.782
AGNC,1:1,5,4,4,1939,1939,3,75.0,1789.0,92.264,1339.0,69.056,3,75.0,1789.0,92.264,1339.0,69.056,3,75.0,1669.0,86.075,1669.0,86.075,3,75.0,1669.0,86.075,1669.0,86.075
AGNC,1:1,10,7,7,4400,4400,7,100.0,4400.0,100.0,4400.0,100.0,6,85.714,4240.0,96.364,3280.0,74.545,6,85.714,4082.57,92.786,4082.57,92.786,6,85.714,4082.57,92.786,4082.57,92.786
AGNC,1:1,15,9,9,6321,6321,9,100.0,6321.0,100.0,6321.0,100.0,8,88.888,6101.0,96.52,4341.0,68.676,9,100.0,6321.0,100.0,6321.0,100.0,9,100.0,6321.0,100.0,6321.0,100.0
AGNC,1:1,25,16,16,20120,20120,16,100.0,20120.0,100.0,20120.0,100.0,15,93.75,20020.0,99.503,18520.0,92.048,15,93.75,19226.0,95.557,19226.0,95.557,16,100.0,20120.0,100.0,20120.0,100.0
AGNC,1:1,50,27,27,80968,80968,27,100.0,80968.0,100.0,80968.0,100.0,26,96.296,80768.0,99.753,75568.0,93.331,27,100.0,80968.0,100.0,80968.0,100.0,27,100.0,80968.0,100.0,80968.0,100.0
AGNC,1:1,100,55,55,148497,148497,55,100.0,148497.0,100.0,148497.0,100.0,54,98.181,148477.0,99.987,147397.0,99.259,54,98.181,147140.31,99.086,147140.31,99.086,54,98.181,147140.31,99.086,147140.31,99.086
AGNC,1:1,500,254,254,2020666,2020666,254,100.0,2020666.0,100.0,2020666.0,100.0,253,99.606,2020636.0,99.999,2013046.0,99.623,253,99.606,2017847.38,99.861,2017847.38,99.861,253,99.606,2017847.38,99.861,2017847.38,99.861
AGNC,1:1,1000,513,513,3829588,3829588,513,100.0,3829588.0,100.0,3829588.0,100.0,512,99.805,3829538.0,99.999,3803938.0,99.33,513,100.0,3829588.0,100.0,3829588.0,100.0,513,100.0,3829588.0,100.0,3829588.0,100.0
AGNC,1:1,2000,1009,1009,9215901,9215901,1008,99.9,9215882.0,100.0,9196730.0,99.792,1008,99.9,9215882.0,100.0,9196730.0,99.792,1007,99.801,9208788.95,99.923,9208788.95,99.923,1008,99.9,9212344.97,99.961,9212344.97,99.961
AGNC,1:1,5000,2534,2534,23158914,23158914,2534,100.0,23158914.0,100.0,23158914.0,100.0,2533,99.96,23158904.0,100.0,23133574.0,99.891,2533,99.96,23155495.45,99.985,23155495.45,99.985,2534,100.0,23158914.0,100.0,23158914.0,100.0
AGNC,1:1,6200,3125,3125,27433523,27433523,3125,100.0,27433523.0,100.0,27433523.0,100.0,3124,99.968,27433504.0,100.0,27374148.0,99.784,3118,99.776,27413448.34,99.927,27413448.34,99.927,3125,100.0,27433523.0,100.0,27433523.0,100.0
AMZN,1:1,2,1,1,532,532,1,100.0,532.0,100.0,532.0,100.0,0,0.0,0,0.0,0,0.0,1,100.0,532.0,100.0,532.0,100.0,1,100.0,532.0,100.0,532.0,100.0
AMZN,1:1,3,2,2,751,751,1,50.0,740.0,98.535,729.0,97.071,1,50.0,740.0,98.535,729.0,97.071,1,50.0,636.0,84.687,636.0,84.687,1,50.0,636.0,84.687,636.0,84.687
AMZN,1:1,4,2,2,990,990,2,100.0,990.0,100.0,990.0,100.0,1,50.0,771.0,77.879,552.0,55.758,2,100.0,990.0,100.0,990.0,100.0,2,100.0,990.0,100.0,990.0,100.0
AMZN,1:1,5,3,3,1125,1125,2,66.666,1115.0,99.111,1095.0,97.333,2,66.666,1115.0,99.111,1095.0,97.333,2,66.666,1063.0,94.489,1063.0,94.489,2,66.666,1063.0,94.489,1063.0,94.489
AMZN,1:1,10,6,6,2135,2135,5,83.333,2125.0,99.532,2075.0,97.19,5,83.333,2125.0,99.532,2075.0,97.19,4,66.666,1896.33,88.821,1896.33,88.821,5,83.333,2015.67,94.411,2015.67,94.411
AMZN,1:1,15,8,9,2676,2676,8,88.888,2676.0,100.0,2676.0,100.0,8,88.888,2676.0,100.0,2676.0,100.0,7,87.5,2608.62,97.482,2608.62,97.482,8,88.888,2616.11,97.762,2616.11,97.762
AMZN,1:1,25,14,15,3475,3475,14,93.333,3475.0,100.0,3475.0,100.0,14,93.333,3475.0,100.0,3475.0,100.0,14,100.0,3475.0,100.0,3475.0,100.0,14,93.333,3386.93,97.466,3386.93,97.466
AMZN,1:1,50,27,28,15405,15405,27,96.428,15405.0,100.0,15405.0,100.0,27,96.428,15405.0,100.0,15405.0,100.0,26,96.296,14934.26,96.944,14934.26,96.944,27,96.428,15308.75,99.375,15308.75,99.375
AMZN,1:1,100,55,55,66304,66304,55,100.0,66304.0,100.0,66304.0,100.0,54,98.181,66293.0,99.983,65699.0,99.088,53,96.363,65377.2,98.602,65377.2,98.602,55,100.0,66304.0,100.0,66304.0,100.0
AMZN,1:1,500,254,254,8987397,8987397,253,99.606,8987391.0,100.0,8985873.0,99.983,253,99.606,8987391.0,100.0,8985873.0,99.983,253,99.606,8983917.68,99.961,8983917.68,99.961,253,99.606,8983917.68,99.961,8983917.68,99.961
AMZN,1:1,1000,503,503,25646518,25646518,503,100.0,25646518.0,100.0,25646518.0,100.0,502,99.801,25646081.0,99.998,25426707.0,99.143,503,100.0,25646518.0,100.0,25646518.0,100.0,503,100.0,25646518.0,100.0,25646518.0,100.0
AMZN,1:1,2000,1007,1007,39444035,39444035,1007,100.0,39444035.0,100.0,39444035.0,100.0,1006,99.9,39443972.0,100.0,39380594.0,99.839,1006,99.9,39428415.2,99.96,39428415.2,99.96,1006,99.9,39428415.2,99.96,39428415.2,99.96
AMZN,1:1,5000,2525,2525,629399904,629399904,2524,99.96,629399884.0,100.0,629349404.0,99.992,2524,99.96,629399884.0,100.0,629349404.0,99.992,2524,99.96,629363666.29,99.994,629363666.29,99.994,2524,99.96,629363666.29,99.994,629363666.29,99.994
AMZN,1:1,10000,5046,5046,2298061482,2298061482,5045,99.98,2298061480.0,100.0,2298051390.0,100.0,5045,99.98,2298061480.0,100.0,2298051390.0,100.0,5045,99.98,2298025775.93,99.998,2298025775.93,99.998,5046,100.0,2298061482.0,100.0,2298061482.0,100.0
AMZN,1:1,11734,5912,5912,4093423461,4093423461,5911,99.983,4093423442.0,100.0,4093311133.0,99.997,5911,99.983,4093423442.0,100.0,4093311133.0,99.997,5911,99.983,4093377800.54,99.999,4093377800.54,99.999,5912,100.0,4093423461.0,100.0,4093423461.0,100.0
BA,1:1,2,1,2,16,16,1,50.0,16.0,100.0,16.0,100.0,1,50.0,16.0,100.0,16.0,100.0,1,100.0,16.0,100.0,16.0,100.0,1,50.0,15.0,93.75,15.0,93.75
BA,1:1,3,2,2,32,32,2,100.0,32.0,100.0,32.0,100.0,1,50.0,18.0,56.25,4.0,12.5,2,100.0,32.0,100.0,32.0,100.0,2,100.0,32.0,100.0,32.0,100.0
BA,1:1,4,2,3,38,38,3,100.0,38.0,100.0,38.0,100.0,2,66.666,38.0,100.0,38.0,100.0,2,100.0,38.0,100.0,38.0,100.0,2,66.666,35.33,92.982,35.33,92.982
BA,1:1,5,3,3,61,61,3,100.0,61.0,100.0,61.0,100.0,2,66.666,59.0,96.721,55.0,90.164,2,66.666,50.67,83.06,50.67,83.06,3,100.0,61.0,100.0,61.0,100.0
BA,1:1,10,7,7,154,154,7,100.0,154.0,100.0,154.0,100.0,6,85.714,152.0,98.701,140.0,90.909,5,71.428,128.29,83.302,128.29,83.302,7,100.0,154.0,100.0,154.0,100.0
BA,1:1,15,11,12,266,266,12,100.0,266.0,100.0,266.0,100.0,11,91.666,266.0,100.0,266.0,100.0,9,81.818,245.27,92.208,245.27,92.208,11,91.666,256.5,96.429,256.5,96.429
BA,1:1,25,14,14,883,883,13,92.857,875.0,99.094,771.0,87.316,13,92.857,875.0,99.094,771.0,87.316,13,92.857,859.57,97.347,859.57,97.347,13,92.857,859.57,97.347,859.57,97.347
BA,1:1,50,27,28,1666,1666,28,100.0,1666.0,100.0,1666.0,100.0,27,96.428,1666.0,100.0,1666.0,100.0,27,100.0,1666.0,100.0,1666.0,100.0,27,96.428,1635.46,98.167,1635.46,98.167
BA,1:1,100,55,57,4826,4826,56,98.245,4826.0,100.0,4826.0,100.0,56,98.245,4826.0,100.0,4826.0,100.0,54,98.181,4779.84,99.043,4779.84,99.043,57,100.0,4826.0,100.0,4826.0,100.0
BA,1:1,500,266,269,36098,36098,268,99.628,36098.0,100.0,36098.0,100.0,268,99.628,36098.0,100.0,36098.0,100.0,257,96.616,35728.53,98.976,35728.53,98.976,269,100.0,36098.0,100.0,36098.0,100.0
BA,1:1,1000,504,505,266490,266490,504,99.801,266490.0,100.0,266490.0,100.0,504,99.801,266490.0,100.0,266490.0,100.0,503,99.801,266092.49,99.851,266092.49,99.851,504,99.801,266359.02,99.951,266359.02,99.951
BA,1:1,2000,1007,1008,1446602,1446602,1007,99.9,1446602.0,100.0,1446602.0,100.0,1007,99.9,1446602.0,100.0,1446602.0,100.0,1005,99.801,1445806.46,99.945,1445806.46,99.945,1008,100.0,1446602.0,100.0,1446602.0,100.0
BA,1:1,5000,2509,2513,5787467,5787467,2512,99.96,5787467.0,100.0,5787467.0,100.0,2512,99.96,5787467.0,100.0,5787467.0,100.0,2508,99.96,5785576.57,99.967,5785576.57,99.967,2512,99.96,5787051.41,99.993,5787051.41,99.993
BA,1:1,10000,5017,5019,117241730,117241730,5018,99.98,117241730.0,100.0,117241730.0,100.0,5018,99.98,117241730.0,100.0,117241730.0,100.0,5003,99.72,116963057.11,99.762,116963057.11,99.762,5018,99.98,117238267.69,99.997,117238267.69,99.997
BA,1:1,20000,10026,10039,684796894,684796894,10038,99.99,684796894.0,100.0,684796894.0,100.0,10038,99.99,684796894.0,100.0,684796894.0,100.0,10025,99.99,684732103.72,99.991,684732103.72,99.991,10038,99.99,684793386.73,99.999,684793386.73,99.999
BA,1:1,29544,14793,14810,1268664410,1268664410,14809,99.993,1268664410.0,100.0,1268664410.0,100.0,14809,99.993,1268664410.0,100.0,1268664410.0,100.0,14788,99.966,1268311637.28,99.972,1268311637.28,99.972,14809,99.993,1268649220.87,99.999,1268649220.87,99.999
BAC,1:1,2,1,1,15,15,1,100.0,15.0,100.0,15.0,100.0,0,0.0,0,0.0,0,0.0,0,0.0,0.0,0.0,0.0,0.0,1,100.0,15.0,100.0,15.0,100.0
BAC,1:1,3,1,2,15,15,1,50.0,15.0,100.0,15.0,100.0,1,50.0,15.0,100.0,15.0,100.0,0,0.0,0.0,0.0,0.0,0.0,1,50.0,15.0,100.0,15.0,100.0
BAC,1:1,4,1,3,15,15,2,66.666,15.0,100.0,15.0,100.0,2,66.666,15.0,100.0,15.0,100.0,0,0.0,0.0,0.0,0.0,0.0,2,66.666,15.0,100.0,15.0,100.0
BAC,1:1,5,1,4,15,15,3,75.0,15.0,100.0,15.0,100.0,3,75.0,15.0,100.0,15.0,100.0,0,0.0,0.0,0.0,0.0,0.0,3,75.0,15.0,100.0,15.0,100.0
BAC,1:1,10,5,5,451,451,5,100.0,451.0,100.0,451.0,100.0,4,80.0,436.0,96.674,376.0,83.37,4,80.0,436.0,96.674,436.0,96.674,5,100.0,451.0,100.0,451.0,100.0
BAC,1:1,15,7,8,1671,1671,7,87.5,1671.0,100.0,1671.0,100.0,7,87.5,1671.0,100.0,1671.0,100.0,7,100.0,1671.0,100.0,1671.0,100.0,7,87.5,1636.5,97.935,1636.5,97.935
BAC,1:1,25,12,13,2906,2906,12,92.307,2906.0,100.0,2906.0,100.0,12,92.307,2906.0,100.0,2906.0,100.0,12,100.0,2906.0,100.0,2906.0,100.0,12,92.307,2848.46,98.02,2848.46,98.02
BAC,1:1,50,25,25,5012,5012,25,100.0,5012.0,100.0,5012.0,100.0,24,96.0,4997.0,99.701,4637.0,92.518,23,92.0,4855.6,96.879,4855.6,96.879,25,100.0,5012.0,100.0,5012.0,100.0
BAC,1:1,100,59,63,238951,238951,62,98.412,238951.0,100.0,238951.0,100.0,62,98.412,238951.0,100.0,238951.0,100.0,56,94.915,227198.17,95.081,227198.17,95.081,63,100.0,238951.0,100.0,238951.0,100.0
BAC,1:1,500,450,450,1704528,1704528,449,99.777,1703419.0,99.935,1205478.0,70.722,449,99.777,1703419.0,99.935,1205478.0,70.722,447,99.333,1701201.0,99.805,1701201.0,99.805,449,99.777,1703419.0,99.935,1703419.0,99.935
BAC,1:1,1000,947,947,2397438,2397438,946,99.894,2396360.0,99.955,1376572.0,57.418,946,99.894,2396360.0,99.955,1376572.0,57.418,942,99.472,2392048.0,99.775,2392048.0,99.775,946,99.894,2396360.0,99.955,2396360.0,99.955
BAC,1:1,2000,1946,1946,4039642,4039642,1945,99.948,4038564.0,99.973,1941854.0,48.07,1945,99.948,4038564.0,99.973,1941854.0,48.07,1942,99.794,4035330.0,99.893,4035330.0,99.893,1945,99.948,4038564.0,99.973,4038564.0,99.973
BAC,1:1,5000,3302,3302,19785581,19785581,3301,99.969,19785456.0,99.999,19372831.0,97.914,3301,99.969,19785456.0,99.999,19372831.0,97.914,3284,99.454,19752716.0,99.834,19752716.0,99.834,3301,99.969,19783755.17,99.991,19783755.17,99.991
BAC,1:1,10000,5012,5014,127971597,127971597,5013,99.98,127971597.0,100.0,127971597.0,100.0,5013,99.98,127971597.0,100.0,127971597.0,100.0,5011,99.98,127954419.37,99.987,127954419.37,99.987,5014,100.0,127971597.0,100.0,127971597.0,100.0
BAC,1:1,20000,10048,10054,229108579,229108579,10053,99.99,229108579.0,100.0,229108579.0,100.0,10053,99.99,229108579.0,100.0,229108579.0,100.0,10030,99.82,228965245.8,99.937,228965245.8,99.937,10054,100.0,229108579.0,100.0,229108579.0,100.0
BAC,1:1,23986,12047,12062,283708408,283708408,12061,99.991,283708408.0,100.0,283708408.0,100.0,12061,99.991,283708408.0,100.0,283708408.0,100.0,12035,99.9,283612154.01,99.966,283612154.01,99.966,12062,100.0,283708408.0,100.0,283708408.0,100.0
C,1:1,2,1,2,155,155,1,50.0,155.0,100.0,155.0,100.0,1,50.0,155.0,100.0,155.0,100.0,1,100.0,155.0,100.0,155.0,100.0,1,50.0,103.5,66.774,103.5,66.774
C,1:1,3,2,2,207,207,2,100.0,207.0,100.0,207.0,100.0,1,50.0,155.0,74.879,103.0,49.758,0,0.0,0.0,0.0,0.0,0.0,2,100.0,207.0,100.0,207.0,100.0
C,1:1,4,2,3,310,310,2,66.666,310.0,100.0,310.0,100.0,2,66.666,310.0,100.0,310.0,100.0,2,100.0,310.0,100.0,310.0,100.0,2,66.666,241.33,77.849,241.33,77.849
C,1:1,5,3,3,465,465,3,100.0,465.0,100.0,465.0,100.0,2,66.666,362.0,77.849,156.0,33.548,2,66.666,344.67,74.122,344.67,74.122,3,100.0,465.0,100.0,465.0,100.0
C,1:1,10,5,7,1452,1452,7,100.0,1452.0,100.0,1452.0,100.0,6,85.714,1452.0,100.0,1452.0,100.0,5,100.0,1452.0,100.0,1452.0,100.0,6,85.714,1348.57,92.877,1348.57,92.877
C,1:1,15,9,9,1970,1970,9,100.0,1970.0,100.0,1970.0,100.0,8,88.888,1918.0,97.36,1502.0,76.244,6,66.666,1573.33,79.865,1573.33,79.865,9,100.0,1970.0,100.0,1970.0,100.0
C,1:1,25,14,16,3106,3106,15,93.75,3106.0,100.0,3106.0,100.0,15,93.75,3106.0,100.0,3106.0,100.0,13,92.857,3029.0,97.521,3029.0,97.521,15,93.75,3038.62,97.831,3038.62,97.831
C,1:1,50,28,32,6221,6221,31,96.875,6221.0,100.0,6221.0,100.0,31,96.875,6221.0,100.0,6221.0,100.0,27,96.428,6100.29,98.06,6100.29,98.06,31,96.875,6132.22,98.573,6132.22,98.573
C,1:1,100,54,55,22938,22938,54,98.181,22938.0,100.0,22938.0,100.0,54,98.181,22938.0,100.0,22938.0,100.0,46,85.185,20569.26,89.673,20569.26,89.673,54,98.181,22811.65,99.449,22811.65,99.449
C,1:1,500,263,269,347673,347673,268,99.628,347673.0,100.0,347673.0,100.0,268,99.628,347673.0,100.0,347673.0,100.0,247,93.916,335723.62,96.563,335723.62,96.563,269,100.0,347673.0,100.0,347673.0,100.0
C,1:1,1000,503,513,1238679,1238679,512,99.805,1238679.0,100.0,1238679.0,100.0,512,99.805,1238679.0,100.0,1238679.0,100.0,501,99.602,1235536.87,99.746,1235536.87,99.746,513,100.0,1238679.0,100.0,1238679.0,100.0
C,1:1,2000,1008,1010,4118288,4118288,1009,99.9,4118288.0,100.0,4118288.0,100.0,1009,99.9,4118288.0,100.0,4118288.0,100.0,999,99.107,4100137.67,99.559,4100137.67,99.559,1009,99.9,4116223.2,99.95,4116223.2,99.95
C,1:1,5000,2526,2527,76461674,76461674,2526,99.96,76461674.0,100.0,76461674.0,100.0,2526,99.96,76461674.0,100.0,76461674.0,100.0,2504,99.129,75923501.53,99.296,75923501.53,99.296,2526,99.96,76455868.82,99.992,76455868.82,99.992
C,1:1,10000,5018,5018,1208548186,1208548186,5018,100.0,1208548186.0,100.0,1208548186.0,100.0,5017,99.98,1208548151.0,100.0,1208372556.0,99.985,5018,100.0,1208548186.0,100.0,1208548186.0,100.0,5018,100.0,1208548186.0,100.0,1208548186.0,100.0
C,1:1,20000,10033,10034,2416155565,2416155565,10033,99.99,2416155565.0,100.0,2416155565.0,100.0,10033,99.99,2416155565.0,100.0,2416155565.0,100.0,10024,99.91,2414179133.47,99.918,2414179133.47,99.918,10033,99.99,2416134349.77,99.999,2416134349.77,99.999
C,1:1,22032,11072,11079,2439185410,2439185410,11078,99.99,2439185410.0,100.0,2439185410.0,100.0,11078,99.99,2439185410.0,100.0,2439185410.0,100.0,11070,99.981,2438789961.94,99.984,2438789961.94,99.984,11079,100.0,2439185410.0,100.0,2439185410.0,100.0
E,1:1,2,2,2,100,100,1,50.0,50.0,50.0,0.0,0.0,1,50.0,50.0,50.0,0.0,0.0,0,0.0,0.0,0.0,0.0,0.0,1,50.0,50.0,50.0,50.0,50.0
E,1:1,3,3,3,150,150,2,66.666,100.0,66.667,0.0,0.0,2,66.666,100.0,66.667,0.0,0.0,0,0.0,0.0,0.0,0.0,0.0,2,66.666,100.0,66.667,100.0,66.667
E,1:1,4,3,3,600,600,2,66.666,550.0,91.667,450.0,75.0,2,66.666,550.0,91.667,450.0,75.0,1,33.333,500.0,83.333,500.0,83.333,3,100.0,600.0,100.0,600.0,100.0
E,1:1,5,3,3,1400,1400,2,66.666,1350.0,96.429,1250.0,89.286,2,66.666,1350.0,96.429,1250.0,89.286,2,66.666,1350.0,96.429,1350.0,96.429,3,100.0,1400.0,100.0,1400.0,100.0
E,1:1,10,5,7,2550,2550,6,85.714,2550.0,100.0,2550.0,100.0,6,85.714,2550.0,100.0,2550.0,100.0,4,80.0,2340.0,91.765,2340.0,91.765,6,85.714,2400.0,94.118,2400.0,94.118
E,1:1,15,8,9,4300,4300,8,88.888,4300.0,100.0,4300.0,100.0,8,88.888,4300.0,100.0,4300.0,100.0,7,87.5,4025.0,93.605,4025.0,93.605,8,88.888,4066.67,94.574,4066.67,94.574
E,1:1,25,13,15,11350,11350,14,93.333,11350.0,100.0,11350.0,100.0,14,93.333,11350.0,100.0,11350.0,100.0,13,100.0,11350.0,100.0,11350.0,100.0,14,93.333,11016.67,97.063,11016.67,97.063
E,1:1,50,26,26,33800,33800,26,100.0,33800.0,100.0,33800.0,100.0,25,96.153,33750.0,99.852,32500.0,96.154,25,96.153,33075.0,97.855,33075.0,97.855,26,100.0,33800.0,100.0,33800.0,100.0
E,1:1,100,52,54,73550,73550,54,100.0,73550.0,100.0,73550.0,100.0,53,98.148,73550.0,100.0,73550.0,100.0,50,96.153,72365.38,98.389,72365.38,98.389,53,98.148,72758.33,98.924,72758.33,98.924
E,1:1,500,253,254,1317504,1317504,254,100.0,1317504.0,100.0,1317504.0,100.0,253,99.606,1317504.0,100.0,1317504.0,100.0,252,99.604,1314530.55,99.774,1314530.55,99.774,253,99.606,1314542.25,99.775,1314542.25,99.775
E,1:1,1000,512,514,2997138,2997138,513,99.805,2997138.0,100.0,2997138.0,100.0,513,99.805,2997138.0,100.0,2997138.0,100.0,510,99.609,2993205.34,99.869,2993205.34,99.869,514,100.0,2997138.0,100.0,2997138.0,100.0
E,1:1,2000,1036,1038,6868983,6868983,1037,99.903,6868983.0,100.0,6868983.0,100.0,1037,99.903,6868983.0,100.0,6868983.0,100.0,1031,99.517,6852378.51,99.758,6852378.51,99.758,1037,99.903,6865679.98,99.952,6865679.98,99.952
E,1:1,5000,2519,2519,65168363,65168363,2519,100.0,65168363.0,100.0,65168363.0,100.0,2518,99.96,65168338.0,100.0,65105388.0,99.903,2519,100.0,65168363.0,100.0,65168363.0,100.0,2519,100.0,65168363.0,100.0,65168363.0,100.0
E,1:1,10000,5017,5017,128247989,128247989,5016,99.98,128247979.0,100.0,128197819.0,99.961,5016,99.98,128247979.0,100.0,128197819.0,99.961,5016,99.98,128239759.61,99.994,128239759.61,99.994,5016,99.98,128239759.61,99.994,128239759.61,99.994
E,1:1,12474,6275,6278,146015475,146015475,6277,99.984,146015475.0,100.0,146015475.0,100.0,6277,99.984,146015475.0,100.0,146015475.0,100.0,6273,99.968,145985818.42,99.98,145985818.42,99.98,6277,99.984,146007037.93,99.994,146007037.93,99.994
EBAY,1:1,2,1,1,154,154,1,100.0,154.0,100.0,154.0,100.0,0,0.0,0,0.0,0,0.0,1,100.0,154.0,100.0,154.0,100.0,1,100.0,154.0,100.0,154.0,100.0
EBAY,1:1,3,2,2,214,214,2,100.0,214.0,100.0,214.0,100.0,1,50.0,154.0,71.963,94.0,43.925,1,50.0,136.5,63.785,136.5,63.785,1,50.0,136.5,63.785,136.5,63.785
EBAY,1:1,4,3,3,230,230,3,100.0,230.0,100.0,230.0,100.0,2,66.666,214.0,93.043,182.0,79.13,2,66.666,180.33,78.406,180.33,78.406,2,66.666,180.33,78.406,180.33,78.406
EBAY,1:1,5,3,3,268,268,3,100.0,268.0,100.0,268.0,100.0,2,66.666,219.0,81.716,121.0,45.149,3,100.0,268.0,100.0,268.0,100.0,3,100.0,268.0,100.0,268.0,100.0
EBAY,1:1,10,5,5,947,947,5,100.0,947.0,100.0,947.0,100.0,4,80.0,886.0,93.559,642.0,67.793,5,100.0,947.0,100.0,947.0,100.0,5,100.0,947.0,100.0,947.0,100.0
EBAY,1:1,15,7,8,1929,1929,7,87.5,1929.0,100.0,1929.0,100.0,7,87.5,1929.0,100.0,1929.0,100.0,7,100.0,1929.0,100.0,1929.0,100.0,7,87.5,1820.5,94.375,1820.5,94.375
EBAY,1:1,25,13,13,5370,5370,13,100.0,5370.0,100.0,5370.0,100.0,12,92.307,5311.0,98.901,4603.0,85.717,13,100.0,5370.0,100.0,5370.0,100.0,13,100.0,5370.0,100.0,5370.0,100.0
EBAY,1:1,50,27,27,45224,45224,26,96.296,45190.0,99.925,44306.0,97.97,26,96.296,45190.0,99.925,44306.0,97.97,27,100.0,45224.0,100.0,45224.0,100.0,27,100.0,45224.0,100.0,45224.0,100.0
EBAY,1:1,100,53,53,148597,148597,53,100.0,148597.0,100.0,148597.0,100.0,52,98.113,148564.0,99.978,146848.0,98.823,52,98.113,146815.62,98.801,146815.62,98.801,52,98.113,146815.62,98.801,146815.62,98.801
EBAY,1:1,500,266,266,993763,993763,265,99.624,993750.0,99.999,990305.0,99.652,265,99.624,993750.0,99.999,990305.0,99.652,265,99.624,991522.48,99.775,991522.48,99.775,265,99.624,991522.48,99.775,991522.48,99.775
EBAY,1:1,1000,523,524,1521368,1521368,523,99.809,1521368.0,100.0,1521368.0,100.0,523,99.809,1521368.0,100.0,1521368.0,100.0,523,100.0,1521368.0,100.0,1521368.0,100.0,523,99.809,1519942.02,99.906,1519942.02,99.906
EBAY,1:1,2000,1018,1018,8916136,8916136,1018,100.0,8916136.0,100.0,8916136.0,100.0,1017,99.901,8916119.0,100.0,8898830.0,99.806,1018,100.0,8916136.0,100.0,8916136.0,100.0,1018,100.0,8916136.0,100.0,8916136.0,100.0
EBAY,1:1,5000,2530,2531,36549114,36549114,2530,99.96,36549114.0,100.0,36549114.0,100.0,2530,99.96,36549114.0,100.0,36549114.0,100.0,2529,99.96,36539650.66,99.974,36539650.66,99.974,2530,99.96,36544133.02,99.986,36544133.02,99.986
EBAY,1:1,10000,5072,5074,74724911,74724911,5073,99.98,74724911.0,100.0,74724911.0,100.0,5073,99.98,74724911.0,100.0,74724911.0,100.0,5072,100.0,74724911.0,100.0,74724911.0,100.0,5074,100.0,74724911.0,100.0,74724911.0,100.0
EBAY,1:1,11048,5580,5581,98438762,98438762,5581,100.0,98438762.0,100.0,98438762.0,100.0,5580,99.982,98438762.0,100.0,98438762.0,100.0,5577,99.946,98423191.43,99.984,98423191.43,99.984,5580,99.982,98433572.74,99.995,98433572.74,99.995
F,1:1,2,2,2,44,44,1,50.0,24.0,54.545,4.0,9.091,1,50.0,24.0,54.545,4.0,9.091,0,0.0,0.0,0.0,0.0,0.0,1,50.0,22.0,50.0,22.0,50.0
F,1:1,3,3,3,64,64,2,66.666,48.0,75.0,16.0,25.0,2,66.666,48.0,75.0,16.0,25.0,2,66.666,45.33,70.833,45.33,70.833,2,66.666,45.33,70.833,45.33,70.833
F,1:1,4,4,4,72,72,3,75.0,68.0,94.444,56.0,77.778,3,75.0,68.0,94.444,56.0,77.778,3,75.0,65.0,90.278,65.0,90.278,3,75.0,65.0,90.278,65.0,90.278
F,1:1,5,4,4,101,101,3,75.0,93.0,92.079,69.0,68.317,3,75.0,93.0,92.079,69.0,68.317,4,100.0,101.0,100.0,101.0,100.0,4,100.0,101.0,100.0,101.0,100.0
F,1:1,10,6,6,354,354,5,83.333,341.0,96.328,276.0,77.966,5,83.333,341.0,96.328,276.0,77.966,5,83.333,318.33,89.925,318.33,89.925,5,83.333,318.33,89.925,318.33,89.925
F,1:1,15,9,11,421,421,10,90.909,421.0,100.0,421.0,100.0,10,90.909,421.0,100.0,421.0,100.0,9,100.0,421.0,100.0,421.0,100.0,10,90.909,402.09,95.509,402.09,95.509
F,1:1,25,13,14,802,802,14,100.0,802.0,100.0,802.0,100.0,13,92.857,802.0,100.0,802.0,100.0,13,100.0,802.0,100.0,802.0,100.0,13,92.857,780.5,97.319,780.5,97.319
F,1:1,50,29,31,2134,2134,31,100.0,2134.0,100.0,2134.0,100.0,30,96.774,2134.0,100.0,2134.0,100.0,28,96.551,2098.31,98.328,2098.31,98.328,30,96.774,2100.61,98.435,2100.61,98.435
F,1:1,100,54,57,4405,4405,57,100.0,4405.0,100.0,4405.0,100.0,56,98.245,4405.0,100.0,4405.0,100.0,52,96.296,4331.04,98.321,4331.04,98.321,56,98.245,4362.75,99.041,4362.75,99.041
F,1:1,500,252,252,143169,143169,252,100.0,143169.0,100.0,143169.0,100.0,251,99.603,143161.0,99.994,141153.0,98.592,252,100.0,143169.0,100.0,143169.0,100.0,252,100.0,143169.0,100.0,143169.0,100.0
F,1:1,1000,510,510,354035,354035,510,100.0,354035.0,100.0,354035.0,100.0,509,99.803,354031.0,99.999,351995.0,99.424,504,98.823,352055.01,99.441,352055.01,99.441,510,100.0,354035.0,100.0,354035.0,100.0
F,1:1,2000,1019,1030,512798,512798,1029,99.902,512798.0,100.0,512798.0,100.0,1029,99.902,512798.0,100.0,512798.0,100.0,1012,99.313,510539.05,99.559,510539.05,99.559,1030,100.0,512798.0,100.0,512798.0,100.0
F,1:1,5000,2510,2511,10195126,10195126,2510,99.96,10195126.0,100.0,10195126.0,100.0,2510,99.96,10195126.0,100.0,10195126.0,100.0,2507,99.88,10184647.93,99.897,10184647.93,99.897,2510,99.96,10194557.11,99.994,10194557.11,99.994
F,1:1,10000,5035,5041,56777601,56777601,5040,99.98,56777601.0,100.0,56777601.0,100.0,5040,99.98,56777601.0,100.0,56777601.0,100.0,5027,99.841,56725584.75,99.908,56725584.75,99.908,5040,99.98,56772832.13,99.992,56772832.13,99.992
F,1:1,20000,10073,10084,115588297,115588297,10083,99.99,115588297.0,100.0,115588297.0,100.0,10083,99.99,115588297.0,100.0,115588297.0,100.0,10065,99.92,115536589.4,99.955,115536589.4,99.955,10083,99.99,115583290.86,99.996,115583290.86,99.996
F,1:1,24346,12275,12279,131282881,131282881,12278,99.991,131282881.0,100.0,131282881.0,100.0,12278,99.991,131282881.0,100.0,131282881.0,100.0,12247,99.771,131119550.26,99.876,131119550.26,99.876,12278,99.991,131278020.68,99.996,131278020.68,99.996
FCEL,1:1,2,1,2,3000,3000,1,50.0,3000.0,100.0,3000.0,100.0,1,50.0,3000.0,100.0,3000.0,100.0,0,0.0,0.0,0.0,0.0,0.0,1,50.0,3000.0,100.0,3000.0,100.0
FCEL,1:1,3,1,3,6000,6000,2,66.666,6000.0,100.0,6000.0,100.0,2,66.666,6000.0,100.0,6000.0,100.0,1,100.0,6000.0,100.0,6000.0,100.0,2,66.666,5000.0,83.333,5000.0,83.333
FCEL,1:1,4,1,4,6000,6000,3,75.0,6000.0,100.0,6000.0,100.0,3,75.0,6000.0,100.0,6000.0,100.0,1,100.0,6000.0,100.0,6000.0,100.0,3,75.0,5250.0,87.5,5250.0,87.5
FCEL,1:1,5,2,5,9000,9000,4,80.0,9000.0,100.0,9000.0,100.0,4,80.0,9000.0,100.0,9000.0,100.0,1,50.0,6000.0,66.667,6000.0,66.667,4,80.0,7800.0,86.667,7800.0,86.667
FCEL,1:1,10,4,9,24000,24000,9,100.0,24000.0,100.0,24000.0,100.0,8,88.888,24000.0,100.0,24000.0,100.0,4,100.0,24000.0,100.0,24000.0,100.0,8,88.888,22666.67,94.444,22666.67,94.444
FCEL,1:1,15,7,12,39000,39000,11,91.666,39000.0,100.0,39000.0,100.0,11,91.666,39000.0,100.0,39000.0,100.0,4,57.142,27428.57,70.33,27428.57,70.33,12,100.0,39000.0,100.0,39000.0,100.0
FCEL,1:1,25,14,18,90000,90000,17,94.444,90000.0,100.0,90000.0,100.0,17,94.444,90000.0,100.0,90000.0,100.0,7,50.0,55500.0,61.667,55500.0,61.667,18,100.0,90000.0,100.0,90000.0,100.0
FCEL,1:1,50,29,36,210000,210000,35,97.222,210000.0,100.0,210000.0,100.0,35,97.222,210000.0,100.0,210000.0,100.0,22,75.862,178137.93,84.828,178137.93,84.828,36,100.0,210000.0,100.0,210000.0,100.0
FCEL,1:1,100,54,67,906000,906000,66,98.507,906000.0,100.0,906000.0,100.0,66,98.507,906000.0,100.0,906000.0,100.0,48,88.888,858000.0,94.702,858000.0,94.702,66,98.507,898925.37,99.219,898925.37,99.219
FCEL,1:1,500,250,264,18928500,18928500,263,99.621,18928500.0,100.0,18928500.0,100.0,263,99.621,18928500.0,100.0,18928500.0,100.0,241,96.4,18636036.0,98.455,18636036.0,98.455,264,100.0,18928500.0,100.0,18928500.0,100.0
FCEL,1:1,1000,506,527,34172250,34172250,526,99.81,34172250.0,100.0,34172250.0,100.0,526,99.81,34172250.0,100.0,34172250.0,100.0,464,91.699,32889465.42,96.246,32889465.42,96.246,527,100.0,34172250.0,100.0,34172250.0,100.0
FCEL,1:1,2000,995,1053,317212500,317212500,1052,99.905,317212500.0,100.0,317212500.0,100.0,1052,99.905,317212500.0,100.0,317212500.0,100.0,992,99.698,316375515.83,99.736,316375515.83,99.736,1052,99.905,317174881.05,99.988,317174881.05,99.988
FCEL,1:1,5000,2521,2522,3611515297,3611515297,2521,99.96,3611515297.0,100.0,3611515297.0,100.0,2521,99.96,3611515297.0,100.0,3611515297.0,100.0,2521,100.0,3611515297.0,100.0,3611515297.0,100.0,2521,99.96,3611265861.5,99.993,3611265861.5,99.993
FCEL,1:1,10000,5037,5084,6400851959,6400851959,5083,99.98,6400851959.0,100.0,6400851959.0,100.0,5083,99.98,6400851959.0,100.0,6400851959.0,100.0,5024,99.741,6386040096.17,99.769,6386040096.17,99.769,5083,99.98,6400721781.03,99.998,6400721781.03,99.998
FCEL,1:1,14206,7132,7208,8252946282,8252946282,7207,99.986,8252946282.0,100.0,8252946282.0,100.0,7207,99.986,8252946282.0,100.0,8252946282.0,100.0,7125,99.901,8251920081.07,99.988,8251920081.07,99.988,7208,100.0,8252946282.0,100.0,8252946282.0,100.0
GILD,1:1,2,2,2,194,194,1,50.0,171.0,88.144,148.0,76.289,1,50.0,171.0,88.144,148.0,76.289,1,50.0,112.5,57.99,112.5,57.99,1,50.0,112.5,57.99,112.5,57.99
GILD,1:1,3,2,2,241,241,2,100.0,241.0,100.0,241.0,100.0,1,50.0,187.0,77.593,133.0,55.187,2,100.0,241.0,100.0,241.0,100.0,2,100.0,241.0,100.0,241.0,100.0
GILD,1:1,4,3,3,296,296,3,100.0,296.0,100.0,296.0,100.0,2,66.666,281.0,94.932,251.0,84.797,2,66.666,216.0,72.973,216.0,72.973,2,66.666,216.0,72.973,216.0,72.973
GILD,1:1,5,3,3,343,343,3,100.0,343.0,100.0,343.0,100.0,2,66.666,312.0,90.962,250.0,72.886,2,66.666,247.0,72.012,247.0,72.012,3,100.0,343.0,100.0,343.0,100.0
GILD,1:1,10,6,6,561,561,6,100.0,561.0,100.0,561.0,100.0,5,83.333,553.0,98.574,513.0,91.444,5,83.333,501.17,89.335,501.17,89.335,6,100.0,561.0,100.0,561.0,100.0
GILD,1:1,15,8,10,686,686,9,90.0,686.0,100.0,686.0,100.0,9,90.0,686.0,100.0,686.0,100.0,8,100.0,686.0,100.0,686.0,100.0,9,90.0,648.8,94.577,648.8,94.577
GILD,1:1,25,13,14,1724,1724,13,92.857,1724.0,100.0,1724.0,100.0,13,92.857,1724.0,100.0,1724.0,100.0,13,100.0,1724.0,100.0,1724.0,100.0,14,100.0,1724.0,100.0,1724.0,100.0
GILD,1:1,50,26,28,3184,3184,27,96.428,3184.0,100.0,3184.0,100.0,27,96.428,3184.0,100.0,3184.0,100.0,23,88.461,2913.54,91.506,2913.54,91.506,27,96.428,3154.0,99.058,3154.0,99.058
GILD,1:1,100,51,52,10410,10410,51,98.076,10410.0,100.0,10410.0,100.0,51,98.076,10410.0,100.0,10410.0,100.0,51,100.0,10410.0,100.0,10410.0,100.0,51,98.076,10322.4,99.159,10322.4,99.159
GILD,1:1,500,254,269,36869,36869,268,99.628,36869.0,100.0,36869.0,100.0,268,99.628,36869.0,100.0,36869.0,100.0,249,98.031,36548.98,99.132,36548.98,99.132,268,99.628,36808.57,99.836,36808.57,99.836
GILD,1:1,1000,517,521,111742,111742,520,99.808,111742.0,100.0,111742.0,100.0,520,99.808,111742.0,100.0,111742.0,100.0,495,95.744,108797.57,97.365,108797.57,97.365,520,99.808,111660.33,99.927,111660.33,99.927
GILD,1:1,2000,1006,1010,731500,731500,1009,99.9,731500.0,100.0,731500.0,100.0,1009,99.9,731500.0,100.0,731500.0,100.0,1006,100.0,731500.0,100.0,731500.0,100.0,1009,99.9,731236.99,99.964,731236.99,99.964
GILD,1:1,5000,2513,2513,35379108,35379108,2513,100.0,35379108.0,100.0,35379108.0,100.0,2512,99.96,35379102.0,100.0,35364030.0,99.957,2513,100.0,35379108.0,100.0,35379108.0,100.0,2513,100.0,35379108.0,100.0,35379108.0,100.0
GILD,1:1,10000,5024,5025,193517574,193517574,5024,99.98,193517574.0,100.0,193517574.0,100.0,5024,99.98,193517574.0,100.0,193517574.0,100.0,5023,99.98,193481837.45,99.982,193481837.45,99.982,5024,99.98,193514792.47,99.999,193514792.47,99.999
GILD,1:1,14422,7227,7227,353032416,353032416,7226,99.986,353032411.0,100.0,352996281.0,99.99,7226,99.986,353032411.0,100.0,352996281.0,99.99,7226,99.986,353020494.0,99.997,353020494.0,99.997,7227,100.0,353032416.0,100.0,353032416.0,100.0
GOOG,1:1,2,2,2,6042,6042,1,50.0,4523.0,74.859,3004.0,49.719,1,50.0,4523.0,74.859,3004.0,49.719,1,50.0,4271.5,70.697,4271.5,70.697,1,50.0,4271.5,70.697,4271.5,70.697
GOOG,1:1,3,2,2,10735,10735,2,100.0,10735.0,100.0,10735.0,100.0,1,50.0,6715.0,62.552,2695.0,25.105,1,50.0,6463.5,60.21,6463.5,60.21,1,50.0,6463.5,60.21,6463.5,60.21
GOOG,1:1,4,2,2,11990,11990,2,100.0,11990.0,100.0,11990.0,100.0,1,50.0,6715.0,56.005,1440.0,12.01,2,100.0,11990.0,100.0,11990.0,100.0,2,100.0,11990.0,100.0,11990.0,100.0
GOOG,1:1,5,3,3,14042,14042,2,66.666,11990.0,85.387,7886.0,56.16,2,66.666,11990.0,85.387,7886.0,56.16,2,66.666,10510.33,74.849,10510.33,74.849,2,66.666,10510.33,74.849,10510.33,74.849
GOOG,1:1,10,7,7,21430,21430,6,85.714,21325.0,99.51,20695.0,96.57,6,85.714,21325.0,99.51,20695.0,96.57,6,85.714,20203.57,94.277,20203.57,94.277,6,85.714,20203.57,94.277,20203.57,94.277
GOOG,1:1,15,9,9,30667,30667,8,88.888,30164.0,98.36,26140.0,85.238,8,88.888,30164.0,98.36,26140.0,85.238,8,88.888,29396.0,95.855,29396.0,95.855,8,88.888,29396.0,95.855,29396.0,95.855
GOOG,1:1,25,15,15,84523,84523,14,93.333,84274.0,99.705,80788.0,95.581,14,93.333,84274.0,99.705,80788.0,95.581,14,93.333,81934.33,96.937,81934.33,96.937,14,93.333,81934.33,96.937,81934.33,96.937
GOOG,1:1,50,26,26,522640,522640,26,100.0,522640.0,100.0,522640.0,100.0,25,96.153,521749.0,99.83,499474.0,95.568,26,100.0,522640.0,100.0,522640.0,100.0,26,100.0,522640.0,100.0,522640.0,100.0
GOOG,1:1,100,53,53,1554692,1554692,52,98.113,1554452.0,99.985,1541972.0,99.182,52,98.113,1554452.0,99.985,1541972.0,99.182,53,100.0,1554692.0,100.0,1554692.0,100.0,53,100.0,1554692.0,100.0,1554692.0,100.0
GOOG,1:1,500,256,256,22776556,22776556,255,99.609,22776506.0,100.0,22763756.0,99.944,255,99.609,22776506.0,100.0,22763756.0,99.944,255,99.609,22729441.81,99.793,22729441.81,99.793,255,99.609,22729441.81,99.793,22729441.81,99.793
GOOG,1:1,1000,505,505,59647983,59647983,505,100.0,59647983.0,100.0,59647983.0,100.0,504,99.801,59647605.0,99.999,59457093.0,99.68,505,100.0,59647983.0,100.0,59647983.0,100.0,505,100.0,59647983.0,100.0,59647983.0,100.0
GOOG,1:1,2000,1019,1019,109546266,109546266,1019,100.0,109546266.0,100.0,109546266.0,100.0,1018,99.901,109546152.0,100.0,109430100.0,99.894,1019,100.0,109546266.0,100.0,109546266.0,100.0,1019,100.0,109546266.0,100.0,109546266.0,100.0
GOOG,1:1,5000,2517,2517,1338111168,1338111168,2517,100.0,1338111168.0,100.0,1338111168.0,100.0,2516,99.96,1338111153.0,100.0,1338073413.0,99.997,2516,99.96,1338019811.89,99.993,1338019811.89,99.993,2516,99.96,1338019811.89,99.993,1338019811.89,99.993
GOOG,1:1,8082,4056,4056,2441909148,2441909148,4056,100.0,2441909148.0,100.0,2441909148.0,100.0,4055,99.975,2441908879.0,100.0,2440818084.0,99.955,4055,99.975,2441797014.73,99.995,2441797014.73,99.995,4055,99.975,2441797014.73,99.995,2441797014.73,99.995
HBAN,1:1,2,2,2,114,114,1,50.0,76.0,66.667,38.0,33.333,1,50.0,76.0,66.667,38.0,33.333,1,50.0,76.0,66.667,76.0,66.667,1,50.0,76.0,66.667,76.0,66.667
HBAN,1:1,3,3,3,190,190,2,66.666,152.0,80.0,76.0,40.0,2,66.666,152.0,80.0,76.0,40.0,2,66.666,145.67,76.667,145.67,76.667,2,66.666,145.67,76.667,145.67,76.667
HBAN,1:1,4,3,3,209,209,2,66.666,171.0,81.818,95.0,45.455,2,66.666,171.0,81.818,95.0,45.455,2,66.666,152.0,72.727,152.0,72.727,3,100.0,209.0,100.0,209.0,100.0
HBAN,1:1,5,4,4,285,285,3,75.0,247.0,86.667,133.0,46.667,3,75.0,247.0,86.667,133.0,46.667,3,75.0,228.0,80.0,228.0,80.0,4,100.0,285.0,100.0,285.0,100.0
HBAN,1:1,10,7,8,608,608,7,87.5,608.0,100.0,608.0,100.0,7,87.5,608.0,100.0,608.0,100.0,3,42.857,325.71,53.571,325.71,53.571,7,87.5,593.75,97.656,593.75,97.656
HBAN,1:1,15,10,10,1867,1867,9,90.0,1829.0,97.965,1487.0,79.646,9,90.0,1829.0,97.965,1487.0,79.646,9,90.0,1802.4,96.54,1802.4,96.54,9,90.0,1802.4,96.54,1802.4,96.54
HBAN,1:1,25,15,15,2592,2592,15,100.0,2592.0,100.0,2592.0,100.0,14,93.333,2535.0,97.801,1737.0,67.014,11,73.333,2262.67,87.294,2262.67,87.294,15,100.0,2592.0,100.0,2592.0,100.0
HBAN,1:1,50,32,35,4740,4740,34,97.142,4740.0,100.0,4740.0,100.0,34,97.142,4740.0,100.0,4740.0,100.0,25,78.125,4212.16,88.864,4212.16,88.864,35,100.0,4740.0,100.0,4740.0,100.0
HBAN,1:1,100,53,53,23952,23952,53,100.0,23952.0,100.0,23952.0,100.0,52,98.113,23933.0,99.921,22945.0,95.796,52,98.113,23805.55,99.389,23805.55,99.389,52,98.113,23805.55,99.389,23805.55,99.389
HBAN,1:1,500,259,261,183271,183271,260,99.616,183271.0,100.0,183271.0,100.0,260,99.616,183271.0,100.0,183271.0,100.0,243,93.822,177830.69,97.032,177830.69,97.032,260,99.616,182933.59,99.816,182933.59,99.816
HBAN,1:1,1000,525,528,420999,420999,527,99.81,420999.0,100.0,420999.0,100.0,527,99.81,420999.0,100.0,420999.0,100.0,491,93.523,407476.52,96.788,407476.52,96.788,528,100.0,420999.0,100.0,420999.0,100.0
HBAN,1:1,2000,1008,1009,2664820,2664820,1008,99.9,2664820.0,100.0,2664820.0,100.0,1008,99.9,2664820.0,100.0,2664820.0,100.0,1008,100.0,2664820.0,100.0,2664820.0,100.0,1008,99.9,2664103.23,99.973,2664103.23,99.973
HBAN,1:1,5000,2519,2526,27402356,27402356,2525,99.96,27402356.0,100.0,27402356.0,100.0,2525,99.96,27402356.0,100.0,27402356.0,100.0,2511,99.682,27333682.0,99.749,27333682.0,99.749,2525,99.96,27400068.34,99.992,27400068.34,99.992
HBAN,1:1,10000,5026,5028,61007347,61007347,5027,99.98,61007347.0,100.0,61007347.0,100.0,5027,99.98,61007347.0,100.0,61007347.0,100.0,5024,99.96,60998718.05,99.986,60998718.05,99.986,5027,99.98,61003034.24,99.993,61003034.24,99.993
HBAN,1:1,20000,10063,10074,121126943,121126943,10073,99.99,121126943.0,100.0,121126943.0,100.0,10073,99.99,121126943.0,100.0,121126943.0,100.0,10062,99.99,121119107.5,99.994,121119107.5,99.994,10073,99.99,121122746.23,99.997,121122746.23,99.997
HBAN,1:1,20414,10267,10270,122420371,122420371,10269,99.99,122420371.0,100.0,122420371.0,100.0,10269,99.99,122420371.0,100.0,122420371.0,100.0,10265,99.98,122411945.78,99.993,122411945.78,99.993,10269,99.99,122416159.62,99.997,122416159.62,99.997
INTC,1:1,2,2,2,8,8,1,50.0,5.0,62.5,2.0,25.0,1,50.0,5.0,62.5,2.0,25.0,1,50.0,5.0,62.5,5.0,62.5,1,50.0,5.0,62.5,5.0,62.5
INTC,1:1,3,2,2,15,15,2,100.0,15.0,100.0,15.0,100.0,1,50.0,10.0,66.667,5.0,33.333,1,50.0,10.0,66.667,10.0,66.667,2,100.0,15.0,100.0,15.0,100.0
INTC,1:1,4,2,3,19,19,2,66.666,19.0,100.0,19.0,100.0,2,66.666,19.0,100.0,19.0,100.0,2,100.0,19.0,100.0,19.0,100.0,3,100.0,19.0,100.0,19.0,100.0
INTC,1:1,5,3,3,27,27,3,100.0,27.0,100.0,27.0,100.0,2,66.666,22.0,81.481,12.0,44.444,2,66.666,21.0,77.778,21.0,77.778,3,100.0,27.0,100.0,27.0,100.0
INTC,1:1,10,5,5,94,94,5,100.0,94.0,100.0,94.0,100.0,4,80.0,88.0,93.617,64.0,68.085,4,80.0,83.0,88.298,83.0,88.298,5,100.0,94.0,100.0,94.0,100.0
INTC,1:1,15,8,9,121,121,8,88.888,121.0,100.0,121.0,100.0,8,88.888,121.0,100.0,121.0,100.0,7,87.5,113.62,93.905,113.62,93.905,8,88.888,114.11,94.307,114.11,94.307
INTC,1:1,25,14,14,287,287,14,100.0,287.0,100.0,287.0,100.0,13,92.857,283.0,98.606,231.0,80.488,11,78.571,250.14,87.158,250.14,87.158,14,100.0,287.0,100.0,287.0,100.0
INTC,1:1,50,27,28,674,674,27,96.428,674.0,100.0,674.0,100.0,27,96.428,674.0,100.0,674.0,100.0,26,96.296,660.26,97.961,660.26,97.961,27,96.428,660.75,98.034,660.75,98.034
INTC,1:1,100,53,55,2960,2960,54,98.181,2960.0,100.0,2960.0,100.0,54,98.181,2960.0,100.0,2960.0,100.0,52,98.113,2936.62,99.21,2936.62,99.21,55,100.0,2960.0,100.0,2960.0,100.0
INTC,1:1,500,253,255,32050,32050,254,99.607,32050.0,100.0,32050.0,100.0,254,99.607,32050.0,100.0,32050.0,100.0,250,98.814,31849.63,99.375,31849.63,99.375,254,99.607,31990.58,99.815,31990.58,99.815
INTC,1:1,1000,505,508,137259,137259,507,99.803,137259.0,100.0,137259.0,100.0,507,99.803,137259.0,100.0,137259.0,100.0,502,99.405,136658.23,99.562,136658.23,99.562,507,99.803,137187.88,99.948,137187.88,99.948
INTC,1:1,2000,1013,1019,351374,351374,1018,99.901,351374.0,100.0,351374.0,100.0,1018,99.901,351374.0,100.0,351374.0,100.0,1004,99.111,349588.34,99.492,349588.34,99.492,1018,99.901,351226.42,99.958,351226.42,99.958
INTC,1:1,5000,2504,2520,25117535,25117535,2519,99.96,25117535.0,100.0,25117535.0,100.0,2519,99.96,25117535.0,100.0,25117535.0,100.0,2504,100.0,25117535.0,100.0,25117535.0,100.0,2519,99.96,25117039.67,99.998,25117039.67,99.998
INTC,1:1,10000,5054,5056,132238984,132238984,5055,99.98,132238984.0,100.0,132238984.0,100.0,5055,99.98,132238984.0,100.0,132238984.0,100.0,5051,99.94,132204803.36,99.974,132204803.36,99.974,5055,99.98,132224218.18,99.989,132224218.18,99.989
INTC,1:1,20000,10088,10091,264515344,264515344,10090,99.99,264515344.0,100.0,264515344.0,100.0,10090,99.99,264515344.0,100.0,264515344.0,100.0,10082,99.94,264446277.07,99.974,264446277.07,99.974,10090,99.99,264500638.74,99.994,264500638.74,99.994
INTC,1:1,20414,10307,10307,278916233,278916233,10307,100.0,278916233.0,100.0,278916233.0,100.0,10306,99.99,278916227.0,100.0,278854391.0,99.978,10307,100.0,278916233.0,100.0,278916233.0,100.0,10307,100.0,278916233.0,100.0,278916233.0,100.0
J,1:1,2,1,2,10,10,1,50.0,10.0,100.0,10.0,100.0,1,50.0,10.0,100.0,10.0,100.0,0,0.0,0.0,0.0,0.0,0.0,1,50.0,10.0,100.0,10.0,100.0
J,1:1,3,1,2,15,15,1,50.0,15.0,100.0,15.0,100.0,1,50.0,15.0,100.0,15.0,100.0,1,100.0,15.0,100.0,15.0,100.0,2,100.0,15.0,100.0,15.0,100.0
J,1:1,4,2,2,26,26,2,100.0,26.0,100.0,26.0,100.0,1,50.0,21.0,80.769,16.0,61.538,1,50.0,18.0,69.231,18.0,69.231,2,100.0,26.0,100.0,26.0,100.0
J,1:1,5,2,3,42,42,2,66.666,42.0,100.0,42.0,100.0,2,66.666,42.0,100.0,42.0,100.0,2,100.0,42.0,100.0,42.0,100.0,2,66.666,34.67,82.54,34.67,82.54
J,1:1,10,4,6,375,375,5,83.333,375.0,100.0,375.0,100.0,5,83.333,375.0,100.0,375.0,100.0,4,100.0,375.0,100.0,375.0,100.0,5,83.333,325.5,86.8,325.5,86.8
J,1:1,15,7,8,655,655,7,87.5,655.0,100.0,655.0,100.0,7,87.5,655.0,100.0,655.0,100.0,7,100.0,655.0,100.0,655.0,100.0,7,87.5,621.38,94.866,621.38,94.866
J,1:1,25,13,14,865,865,13,92.857,865.0,100.0,865.0,100.0,13,92.857,865.0,100.0,865.0,100.0,12,92.307,840.85,97.208,840.85,97.208,14,100.0,865.0,100.0,865.0,100.0
J,1:1,50,26,26,1505,1505,26,100.0,1505.0,100.0,1505.0,100.0,25,96.153,1500.0,99.668,1375.0,91.362,22,84.615,1349.0,89.635,1349.0,89.635,26,100.0,1505.0,100.0,1505.0,100.0
J,1:1,100,52,53,6511,6511,52,98.113,6511.0,100.0,6511.0,100.0,52,98.113,6511.0,100.0,6511.0,100.0,48,92.307,6358.0,97.65,6358.0,97.65,53,100.0,6511.0,100.0,6511.0,100.0
J,1:1,500,257,260,124977,124977,259,99.615,124977.0,100.0,124977.0,100.0,259,99.615,124977.0,100.0,124977.0,100.0,255,99.221,124378.04,99.521,124378.04,99.521,260,100.0,124977.0,100.0,124977.0,100.0
J,1:1,1000,508,517,244920,244920,516,99.806,244920.0,100.0,244920.0,100.0,516,99.806,244920.0,100.0,244920.0,100.0,503,99.015,243171.28,99.286,243171.28,99.286,516,99.806,244789.92,99.947,244789.92,99.947
J,1:1,2000,1002,1023,468841,468841,1022,99.902,468841.0,100.0,468841.0,100.0,1022,99.902,468841.0,100.0,468841.0,100.0,990,98.802,467201.14,99.65,467201.14,99.65,1023,100.0,468841.0,100.0,468841.0,100.0
J,1:1,5000,2502,2503,13602737,13602737,2502,99.96,13602737.0,100.0,13602737.0,100.0,2502,99.96,13602737.0,100.0,13602737.0,100.0,2500,99.92,13600376.79,99.983,13600376.79,99.983,2502,99.96,13601557.37,99.991,13601557.37,99.991
J,1:1,10000,5009,5010,197880876,197880876,5009,99.98,197880876.0,100.0,197880876.0,100.0,5009,99.98,197880876.0,100.0,197880876.0,100.0,5006,99.94,197779346.37,99.949,197779346.37,99.949,5009,99.98,197875215.27,99.997,197875215.27,99.997
J,1:1,20000,10014,10021,394835340,394835340,10020,99.99,394835340.0,100.0,394835340.0,100.0,10020,99.99,394835340.0,100.0,394835340.0,100.0,10010,99.96,394812726.3,99.994,394812726.3,99.994,10021,100.0,394835340.0,100.0,394835340.0,100.0
J,1:1,20414,10229,10234,425688122,425688122,10233,99.99,425688122.0,100.0,425688122.0,100.0,10233,99.99,425688122.0,100.0,425688122.0,100.0,10224,99.951,425658366.38,99.993,425658366.38,99.993,10234,100.0,425688122.0,100.0,425688122.0,100.0
JBLU,1:1,2,2,2,3306,3306,1,50.0,3043.0,92.045,2780.0,84.09,1,50.0,3043.0,92.045,2780.0,84.09,1,50.0,1883.0,56.957,1883.0,56.957,1,50.0,1883.0,56.957,1883.0,56.957
JBLU,1:1,3,3,3,3573,3573,2,66.666,3381.0,94.626,2997.0,83.879,2,66.666,3381.0,94.626,2997.0,83.879,2,66.666,2582.67,72.283,2582.67,72.283,2,66.666,2582.67,72.283,2582.67,72.283
JBLU,1:1,4,4,4,3736,3736,3,75.0,3677.0,98.421,3500.0,93.683,3,75.0,3677.0,98.421,3500.0,93.683,3,75.0,2978.5,79.724,2978.5,79.724,3,75.0,2978.5,79.724,2978.5,79.724
JBLU,1:1,5,4,4,3923,3923,4,100.0,3923.0,100.0,3923.0,100.0,3,75.0,3731.0,95.106,3155.0,80.423,4,100.0,3923.0,100.0,3923.0,100.0,4,100.0,3923.0,100.0,3923.0,100.0
JBLU,1:1,10,7,7,6738,6738,6,85.714,6735.0,99.955,6717.0,99.688,6,85.714,6735.0,99.955,6717.0,99.688,6,85.714,6064.29,90.001,6064.29,90.001,6,85.714,6064.29,90.001,6064.29,90.001
JBLU,1:1,15,10,10,12293,12293,10,100.0,12293.0,100.0,12293.0,100.0,9,90.0,12231.0,99.496,11673.0,94.956,9,90.0,11652.1,94.786,11652.1,94.786,10,100.0,12293.0,100.0,12293.0,100.0
JBLU,1:1,25,14,14,22856,22856,14,100.0,22856.0,100.0,22856.0,100.0,13,92.857,22720.0,99.405,20952.0,91.67,14,100.0,22856.0,100.0,22856.0,100.0,14,100.0,22856.0,100.0,22856.0,100.0
JBLU,1:1,50,28,28,36967,36967,27,96.428,36934.0,99.911,36043.0,97.5,27,96.428,36934.0,99.911,36043.0,97.5,27,96.428,36419.79,98.52,36419.79,98.52,27,96.428,36419.79,98.52,36419.79,98.52
JBLU,1:1,100,60,60,86621,86621,59,98.333,86606.0,99.983,85721.0,98.961,59,98.333,86606.0,99.983,85721.0,98.961,59,98.333,85836.9,99.095,85836.9,99.095,59,98.333,85836.9,99.095,85836.9,99.095
JBLU,1:1,500,256,256,1907140,1907140,255,99.609,1907116.0,99.999,1900996.0,99.678,255,99.609,1907116.0,99.999,1900996.0,99.678,255,99.609,1905209.23,99.899,1905209.23,99.899,255,99.609,1905209.23,99.899,1905209.23,99.899
JBLU,1:1,1000,519,519,2865783,2865783,519,100.0,2865783.0,100.0,2865783.0,100.0,518,99.807,2865777.0,100.0,2862669.0,99.891,517,99.614,2862530.41,99.887,2862530.41,99.887,518,99.807,2864156.71,99.943,2864156.71,99.943
JBLU,1:1,2000,1026,1026,8253985,8253985,1026,100.0,8253985.0,100.0,8253985.0,100.0,1025,99.902,8253983.0,100.0,8251933.0,99.975,1023,99.707,8240997.37,99.843,8240997.37,99.843,1026,100.0,8253985.0,100.0,8253985.0,100.0
JBLU,1:1,5000,2537,2538,26320084,26320084,2537,99.96,26320084.0,100.0,26320084.0,100.0,2537,99.96,26320084.0,100.0,26320084.0,100.0,2536,99.96,26315347.73,99.982,26315347.73,99.982,2537,99.96,26315349.6,99.982,26315349.6,99.982
JBLU,1:1,9268,4686,4686,50349356,50349356,4686,100.0,50349356.0,100.0,50349356.0,100.0,4685,99.978,50349352.0,100.0,50330612.0,99.963,4683,99.935,50334910.19,99.971,50334910.19,99.971,4686,100.0,50349356.0,100.0,50349356.0,100.0
M,1:1,2,1,1,500,500,1,100.0,500.0,100.0,500.0,100.0,0,0.0,0,0.0,0,0.0,0,0.0,0.0,0.0,0.0,0.0,1,100.0,500.0,100.0,500.0,100.0
M,1:1,3,1,2,688,688,1,50.0,688.0,100.0,688.0,100.0,1,50.0,688.0,100.0,688.0,100.0,1,100.0,688.0,100.0,688.0,100.0,1,50.0,594.0,86.337,594.0,86.337
M,1:1,4,2,2,1438,1438,2,100.0,1438.0,100.0,1438.0,100.0,1,50.0,1250.0,86.926,1062.0,73.853,1,50.0,969.0,67.385,969.0,67.385,2,100.0,1438.0,100.0,1438.0,100.0
M,1:1,5,2,3,2313,2313,2,66.666,2313.0,100.0,2313.0,100.0,2,66.666,2313.0,100.0,2313.0,100.0,2,100.0,2313.0,100.0,2313.0,100.0,2,66.666,1834.0,79.291,1834.0,79.291
M,1:1,10,5,7,3563,3563,6,85.714,3563.0,100.0,3563.0,100.0,6,85.714,3563.0,100.0,3563.0,100.0,4,80.0,3325.2,93.326,3325.2,93.326,6,85.714,3393.14,95.233,3393.14,95.233
M,1:1,15,9,9,4002,4002,9,100.0,4002.0,100.0,4002.0,100.0,8,88.888,3939.0,98.426,3435.0,85.832,4,44.444,3097.56,77.4,3097.56,77.4,9,100.0,4002.0,100.0,4002.0,100.0
M,1:1,25,12,16,5625,5625,15,93.75,5625.0,100.0,5625.0,100.0,15,93.75,5625.0,100.0,5625.0,100.0,12,100.0,5625.0,100.0,5625.0,100.0,15,93.75,5503.75,97.844,5503.75,97.844
M,1:1,50,27,30,18814,18814,29,96.666,18814.0,100.0,18814.0,100.0,29,96.666,18814.0,100.0,18814.0,100.0,26,96.296,18366.96,97.624,18366.96,97.624,30,100.0,18814.0,100.0,18814.0,100.0
M,1:1,100,50,52,71063,71063,51,98.076,71063.0,100.0,71063.0,100.0,51,98.076,71063.0,100.0,71063.0,100.0,49,98.0,70419.5,99.094,70419.5,99.094,51,98.076,70444.25,99.129,70444.25,99.129
M,1:1,500,257,262,806999,806999,261,99.618,806999.0,100.0,806999.0,100.0,261,99.618,806999.0,100.0,806999.0,100.0,256,99.61,805958.38,99.871,805958.38,99.871,262,100.0,806999.0,100.0,806999.0,100.0
M,1:1,1000,513,521,1689557,1689557,520,99.808,1689557.0,100.0,1689557.0,100.0,520,99.808,1689557.0,100.0,1689557.0,100.0,498,97.076,1665931.44,98.602,1665931.44,98.602,520,99.808,1687864.94,99.9,1687864.94,99.9
M,1:1,2000,1005,1008,10572259,10572259,1007,99.9,10572259.0,100.0,10572259.0,100.0,1007,99.9,10572259.0,100.0,10572259.0,100.0,1002,99.701,10559816.11,99.882,10559816.11,99.882,1008,100.0,10572259.0,100.0,10572259.0,100.0
M,1:1,5000,2542,2542,35045026,35045026,2542,100.0,35045026.0,100.0,35045026.0,100.0,2541,99.96,35045017.0,100.0,35022148.0,99.935,2536,99.763,35008003.12,99.894,35008003.12,99.894,2542,100.0,35045026.0,100.0,35045026.0,100.0
M,1:1,10000,5082,5083,94057451,94057451,5082,99.98,94057451.0,100.0,94057451.0,100.0,5082,99.98,94057451.0,100.0,94057451.0,100.0,5081,99.98,94050856.48,99.993,94050856.48,99.993,5082,99.98,94050857.78,99.993,94050857.78,99.993
M,1:1,14402,7301,7301,152067113,152067113,7301,100.0,152067113.0,100.0,152067113.0,100.0,7300,99.986,152067108.0,100.0,152030608.0,99.976,7299,99.972,152052551.69,99.99,152052551.69,99.99,7300,99.986,152059832.35,99.995,152059832.35,99.995
MA,1:1,2,1,1,644,644,1,100.0,644.0,100.0,644.0,100.0,0,0.0,0,0.0,0,0.0,1,100.0,644.0,100.0,644.0,100.0,1,100.0,644.0,100.0,644.0,100.0
MA,1:1,3,2,2,752,752,2,100.0,752.0,100.0,752.0,100.0,1,50.0,644.0,85.638,536.0,71.277,1,50.0,410.5,54.588,410.5,54.588,1,50.0,410.5,54.588,410.5,54.588
MA,1:1,4,3,3,853,853,2,66.666,814.0,95.428,736.0,86.284,2,66.666,814.0,95.428,736.0,86.284,2,66.666,637.67,74.756,637.67,74.756,2,66.666,637.67,74.756,637.67,74.756
MA,1:1,5,4,4,1170,1170,3,75.0,1131.0,96.667,1014.0,86.667,3,75.0,1131.0,96.667,1014.0,86.667,3,75.0,997.75,85.278,997.75,85.278,3,75.0,997.75,85.278,997.75,85.278
MA,1:1,10,6,6,2490,2490,6,100.0,2490.0,100.0,2490.0,100.0,5,83.333,2423.0,97.309,2088.0,83.855,6,100.0,2490.0,100.0,2490.0,100.0,6,100.0,2490.0,100.0,2490.0,100.0
MA,1:1,15,9,9,3280,3280,9,100.0,3280.0,100.0,3280.0,100.0,8,88.888,3250.0,99.085,3010.0,91.768,8,88.888,3038.33,92.632,3038.33,92.632,8,88.888,3038.33,92.632,3038.33,92.632
MA,1:1,25,14,15,4584,4584,14,93.333,4584.0,100.0,4584.0,100.0,14,93.333,4584.0,100.0,4584.0,100.0,14,100.0,4584.0,100.0,4584.0,100.0,15,100.0,4584.0,100.0,4584.0,100.0
MA,1:1,50,28,28,8394,8394,28,100.0,8394.0,100.0,8394.0,100.0,27,96.428,8386.0,99.905,8170.0,97.331,28,100.0,8394.0,100.0,8394.0,100.0,28,100.0,8394.0,100.0,8394.0,100.0
MA,1:1,100,51,51,80931,80931,51,100.0,80931.0,100.0,80931.0,100.0,50,98.039,80851.0,99.901,76851.0,94.959,51,100.0,80931.0,100.0,80931.0,100.0,51,100.0,80931.0,100.0,80931.0,100.0
MA,1:1,500,256,256,2650003,2650003,256,100.0,2650003.0,100.0,2650003.0,100.0,255,99.609,2649971.0,99.999,2641811.0,99.691,256,100.0,2650003.0,100.0,2650003.0,100.0,256,100.0,2650003.0,100.0,2650003.0,100.0
MA,1:1,1000,516,516,5514038,5514038,516,100.0,5514038.0,100.0,5514038.0,100.0,515,99.806,5514018.0,100.0,5503718.0,99.813,516,100.0,5514038.0,100.0,5514038.0,100.0,516,100.0,5514038.0,100.0,5514038.0,100.0
MA,1:1,2000,1012,1012,28782020,28782020,1011,99.901,28782015.0,100.0,28776960.0,99.982,1011,99.901,28782015.0,100.0,28776960.0,99.982,1012,100.0,28782020.0,100.0,28782020.0,100.0,1012,100.0,28782020.0,100.0,28782020.0,100.0
MA,1:1,5000,2513,2513,257295019,257295019,2512,99.96,257294995.0,100.0,257234707.0,99.977,2512,99.96,257294995.0,100.0,257234707.0,99.977,2512,99.96,257284709.23,99.996,257284709.23,99.996,2512,99.96,257284709.23,99.996,257284709.23,99.996
MA,1:1,7192,3602,3602,452962463,452962463,3601,99.972,452962437.0,100.0,452868811.0,99.979,3601,99.972,452962437.0,100.0,452868811.0,99.979,3602,100.0,452962463.0,100.0,452962463.0,100.0,3602,100.0,452962463.0,100.0,452962463.0,100.0
MRVL,1:1,2,1,2,942,942,1,50.0,942.0,100.0,942.0,100.0,1,50.0,942.0,100.0,942.0,100.0,1,100.0,942.0,100.0,942.0,100.0,1,50.0,666.5,70.754,666.5,70.754
MRVL,1:1,3,2,2,1739,1739,2,100.0,1739.0,100.0,1739.0,100.0,1,50.0,1188.0,68.315,637.0,36.63,1,50.0,1065.0,61.242,1065.0,61.242,2,100.0,1739.0,100.0,1739.0,100.0
MRVL,1:1,4,2,2,2641,2641,2,100.0,2641.0,100.0,2641.0,100.0,1,50.0,1844.0,69.822,1047.0,39.644,2,100.0,2641.0,100.0,2641.0,100.0,2,100.0,2641.0,100.0,2641.0,100.0
MRVL,1:1,5,3,3,4985,4985,2,66.666,4797.0,96.229,4421.0,88.686,2,66.666,4797.0,96.229,4421.0,88.686,2,66.666,3859.67,77.426,3859.67,77.426,2,66.666,3859.67,77.426,3859.67,77.426
MRVL,1:1,10,6,6,14016,14016,6,100.0,14016.0,100.0,14016.0,100.0,5,83.333,13828.0,98.659,12888.0,91.952,5,83.333,12685.0,90.504,12685.0,90.504,5,83.333,12685.0,90.504,12685.0,90.504
MRVL,1:1,15,9,9,27114,27114,9,100.0,27114.0,100.0,27114.0,100.0,8,88.888,26864.0,99.078,24864.0,91.702,9,100.0,27114.0,100.0,27114.0,100.0,9,100.0,27114.0,100.0,27114.0,100.0
MRVL,1:1,25,14,14,44816,44816,14,100.0,44816.0,100.0,44816.0,100.0,13,92.857,44437.0,99.154,39510.0,88.16,14,100.0,44816.0,100.0,44816.0,100.0,14,100.0,44816.0,100.0,44816.0,100.0
MRVL,1:1,50,29,29,117479,117479,28,96.551,117432.0,99.96,116116.0,98.84,28,96.551,117432.0,99.96,116116.0,98.84,28,96.551,116346.31,99.036,116346.31,99.036,28,96.551,116346.31,99.036,116346.31,99.036
MRVL,1:1,100,54,55,358042,358042,54,98.181,358042.0,100.0,358042.0,100.0,54,98.181,358042.0,100.0,358042.0,100.0,53,98.148,356600.65,99.597,356600.65,99.597,54,98.181,356626.85,99.605,356626.85,99.605
MRVL,1:1,500,257,257,1627479,1627479,257,100.0,1627479.0,100.0,1627479.0,100.0,256,99.61,1627406.0,99.996,1608718.0,98.847,257,100.0,1627479.0,100.0,1627479.0,100.0,257,100.0,1627479.0,100.0,1627479.0,100.0
MRVL,1:1,1000,509,509,2945055,2945055,509,100.0,2945055.0,100.0,2945055.0,100.0,508,99.803,2945027.0,99.999,2930803.0,99.516,509,100.0,2945055.0,100.0,2945055.0,100.0,509,100.0,2945055.0,100.0,2945055.0,100.0
MRVL,1:1,2000,1013,1014,11813780,11813780,1013,99.901,11813780.0,100.0,11813780.0,100.0,1013,99.901,11813780.0,100.0,11813780.0,100.0,1012,99.901,11806163.75,99.936,11806163.75,99.936,1013,99.901,11809738.07,99.966,11809738.07,99.966
MRVL,1:1,5000,2531,2533,24105694,24105694,2532,99.96,24105694.0,100.0,24105694.0,100.0,2532,99.96,24105694.0,100.0,24105694.0,100.0,2531,100.0,24105694.0,100.0,24105694.0,100.0,2533,100.0,24105694.0,100.0,24105694.0,100.0
MRVL,1:1,10000,5081,5082,48882029,48882029,5081,99.98,48882029.0,100.0,48882029.0,100.0,5081,99.98,48882029.0,100.0,48882029.0,100.0,5075,99.881,48854860.15,99.944,48854860.15,99.944,5081,99.98,48877501.75,99.991,48877501.75,99.991
MRVL,1:1,10156,5142,5151,51201745,51201745,5150,99.98,51201745.0,100.0,51201745.0,100.0,5150,99.98,51201745.0,100.0,51201745.0,100.0,5141,99.98,51197151.18,99.991,51197151.18,99.991,5151,100.0,51201745.0,100.0,51201745.0,100.0
MSFT,1:1,2,2,2,18,18,1,50.0,14.0,77.778,10.0,55.556,1,50.0,14.0,77.778,10.0,55.556,1,50.0,9.5,52.778,9.5,52.778,1,50.0,9.5,52.778,9.5,52.778
MSFT,1:1,3,3,3,21,21,2,66.666,20.0,95.238,18.0,85.714,2,66.666,20.0,95.238,18.0,85.714,2,66.666,15.0,71.429,15.0,71.429,2,66.666,15.0,71.429,15.0,71.429
MSFT,1:1,4,3,3,23,23,3,100.0,23.0,100.0,23.0,100.0,2,66.666,21.0,91.304,17.0,73.913,2,66.666,16.0,69.565,16.0,69.565,3,100.0,23.0,100.0,23.0,100.0
MSFT,1:1,5,4,4,25,25,4,100.0,25.0,100.0,25.0,100.0,3,75.0,24.0,96.0,21.0,84.0,3,75.0,20.0,80.0,20.0,80.0,3,75.0,20.0,80.0,20.0,80.0
MSFT,1:1,10,6,6,53,53,6,100.0,53.0,100.0,53.0,100.0,5,83.333,52.0,98.113,47.0,88.679,5,83.333,47.33,89.308,47.33,89.308,6,100.0,53.0,100.0,53.0,100.0
MSFT,1:1,15,9,10,63,63,9,90.0,63.0,100.0,63.0,100.0,9,90.0,63.0,100.0,63.0,100.0,8,88.888,59.11,93.827,59.11,93.827,9,90.0,60.2,95.556,60.2,95.556
MSFT,1:1,25,14,16,100,100,15,93.75,100.0,100.0,100.0,100.0,15,93.75,100.0,100.0,100.0,100.0,14,100.0,100.0,100.0,100.0,100.0,15,93.75,97.19,97.188,97.19,97.188
MSFT,1:1,50,27,28,381,381,27,96.428,381.0,100.0,381.0,100.0,27,96.428,381.0,100.0,381.0,100.0,26,96.296,375.37,98.522,375.37,98.522,27,96.428,375.57,98.575,375.57,98.575
MSFT,1:1,100,52,52,707,707,52,100.0,707.0,100.0,707.0,100.0,51,98.076,705.0,99.717,603.0,85.29,52,100.0,707.0,100.0,707.0,100.0,52,100.0,707.0,100.0,707.0,100.0
MSFT,1:1,500,253,253,59556,59556,252,99.604,59555.0,99.998,59303.0,99.575,252,99.604,59555.0,99.998,59303.0,99.575,252,99.604,59410.51,99.756,59410.51,99.756,253,100.0,59556.0,100.0,59556.0,100.0
MSFT,1:1,1000,516,521,105352,105352,520,99.808,105352.0,100.0,105352.0,100.0,520,99.808,105352.0,100.0,105352.0,100.0,511,99.031,104729.57,99.409,104729.57,99.409,521,100.0,105352.0,100.0,105352.0,100.0
MSFT,1:1,2000,1002,1003,1650809,1650809,1002,99.9,1650809.0,100.0,1650809.0,100.0,1002,99.9,1650809.0,100.0,1650809.0,100.0,1002,100.0,1650809.0,100.0,1650809.0,100.0,1002,99.9,1650466.05,99.979,1650466.05,99.979
MSFT,1:1,5000,2509,2510,63593106,63593106,2509,99.96,63593106.0,100.0,63593106.0,100.0,2509,99.96,63593106.0,100.0,63593106.0,100.0,2508,99.96,63572130.48,99.967,63572130.48,99.967,2509,99.96,63588737.26,99.993,63588737.26,99.993
MSFT,1:1,10000,5046,5046,221694541,221694541,5046,100.0,221694541.0,100.0,221694541.0,100.0,5045,99.98,221694531.0,100.0,221644081.0,99.977,5044,99.96,221655387.53,99.982,221655387.53,99.982,5046,100.0,221694541.0,100.0,221694541.0,100.0
MSFT,1:1,17386,8816,8818,375417980,375417980,8817,99.988,375417980.0,100.0,375417980.0,100.0,8817,99.988,375417980.0,100.0,375417980.0,100.0,8812,99.954,375352340.21,99.983,375352340.21,99.983,8817,99.988,375401573.78,99.996,375401573.78,99.996
NFLX,1:1,2,2,2,97,97,1,50.0,86.0,88.66,75.0,77.32,1,50.0,86.0,88.66,75.0,77.32,1,50.0,57.0,58.763,57.0,58.763,1,50.0,57.0,58.763,57.0,58.763
NFLX,1:1,3,3,3,116,116,2,66.666,105.0,90.517,83.0,71.552,2,66.666,105.0,90.517,83.0,71.552,2,66.666,85.33,73.563,85.33,73.563,2,66.666,85.33,73.563,85.33,73.563
NFLX,1:1,4,3,3,166,166,2,66.666,154.0,92.771,130.0,78.313,2,66.666,154.0,92.771,130.0,78.313,3,100.0,166.0,100.0,166.0,100.0,3,100.0,166.0,100.0,166.0,100.0
NFLX,1:1,5,3,3,272,272,3,100.0,272.0,100.0,272.0,100.0,2,66.666,211.0,77.574,89.0,32.721,3,100.0,272.0,100.0,272.0,100.0,3,100.0,272.0,100.0,272.0,100.0
NFLX,1:1,10,6,6,594,594,6,100.0,594.0,100.0,594.0,100.0,5,83.333,585.0,98.485,540.0,90.909,6,100.0,594.0,100.0,594.0,100.0,6,100.0,594.0,100.0,594.0,100.0
NFLX,1:1,15,10,10,768,768,9,90.0,765.0,99.609,738.0,96.094,9,90.0,765.0,99.609,738.0,96.094,9,90.0,726.4,94.583,726.4,94.583,10,100.0,768.0,100.0,768.0,100.0
NFLX,1:1,25,13,14,2289,2289,13,92.857,2289.0,100.0,2289.0,100.0,13,92.857,2289.0,100.0,2289.0,100.0,13,100.0,2289.0,100.0,2289.0,100.0,13,92.857,2196.64,95.965,2196.64,95.965
NFLX,1:1,50,28,28,5159,5159,27,96.428,5154.0,99.903,5019.0,97.286,27,96.428,5154.0,99.903,5019.0,97.286,26,92.857,5028.86,97.477,5028.86,97.477,28,100.0,5159.0,100.0,5159.0,100.0
NFLX,1:1,100,53,54,17404,17404,53,98.148,17404.0,100.0,17404.0,100.0,53,98.148,17404.0,100.0,17404.0,100.0,53,100.0,17404.0,100.0,17404.0,100.0,53,98.148,17232.94,99.017,17232.94,99.017
NFLX,1:1,500,256,256,619558,619558,255,99.609,619554.0,99.999,618534.0,99.835,255,99.609,619554.0,99.999,618534.0,99.835,255,99.609,617767.5,99.711,617767.5,99.711,256,100.0,619558.0,100.0,619558.0,100.0
NFLX,1:1,1000,504,505,1210435,1210435,504,99.801,1210435.0,100.0,1210435.0,100.0,504,99.801,1210435.0,100.0,1210435.0,100.0,504,100.0,1210435.0,100.0,1210435.0,100.0,505,100.0,1210435.0,100.0,1210435.0,100.0
NFLX,1:1,2000,1017,1017,3142263,3142263,1017,100.0,3142263.0,100.0,3142263.0,100.0,1016,99.901,3142261.0,100.0,3140229.0,99.935,1016,99.901,3140954.84,99.958,3140954.84,99.958,1017,100.0,3142263.0,100.0,3142263.0,100.0
NFLX,1:1,5000,2506,2506,358296302,358296302,2506,100.0,358296302.0,100.0,358296302.0,100.0,2505,99.96,358296266.0,100.0,358206086.0,99.975,2506,100.0,358296302.0,100.0,358296302.0,100.0,2506,100.0,358296302.0,100.0,358296302.0,100.0
NFLX,1:1,9210,4625,4625,702127261,702127261,4625,100.0,702127261.0,100.0,702127261.0,100.0,4624,99.978,702127243.0,100.0,702044011.0,99.988,4625,100.0,702127261.0,100.0,702127261.0,100.0,4625,100.0,702127261.0,100.0,702127261.0,100.0
O,1:1,2,1,2,750,750,1,50.0,750.0,100.0,750.0,100.0,1,50.0,750.0,100.0,750.0,100.0,1,100.0,750.0,100.0,750.0,100.0,1,50.0,719.0,95.867,719.0,95.867
O,1:1,3,2,2,1750,1750,2,100.0,1750.0,100.0,1750.0,100.0,1,50.0,1062.0,60.686,374.0,21.371,1,50.0,1031.0,58.914,1031.0,58.914,1,50.0,1031.0,58.914,1031.0,58.914
O,1:1,4,2,3,1812,1812,2,66.666,1812.0,100.0,1812.0,100.0,2,66.666,1812.0,100.0,1812.0,100.0,2,100.0,1812.0,100.0,1812.0,100.0,2,66.666,1332.67,73.547,1332.67,73.547
O,1:1,5,3,4,1999,1999,3,75.0,1999.0,100.0,1999.0,100.0,3,75.0,1999.0,100.0,1999.0,100.0,3,100.0,1999.0,100.0,1999.0,100.0,3,75.0,1608.25,80.453,1608.25,80.453
O,1:1,10,7,7,3062,3062,6,85.714,2937.0,95.918,2187.0,71.424,6,85.714,2937.0,95.918,2187.0,71.424,5,71.428,2544.57,83.102,2544.57,83.102,6,85.714,2803.29,91.551,2803.29,91.551
O,1:1,15,9,9,4187,4187,9,100.0,4187.0,100.0,4187.0,100.0,8,88.888,4125.0,98.519,3629.0,86.673,8,88.888,3965.0,94.698,3965.0,94.698,9,100.0,4187.0,100.0,4187.0,100.0
O,1:1,25,13,14,9187,9187,13,92.857,9187.0,100.0,9187.0,100.0,13,92.857,9187.0,100.0,9187.0,100.0,13,100.0,9187.0,100.0,9187.0,100.0,13,92.857,8892.64,96.796,8892.64,96.796
O,1:1,50,28,30,15811,15811,29,96.666,15811.0,100.0,15811.0,100.0,29,96.666,15811.0,100.0,15811.0,100.0,26,92.857,15396.36,97.378,15396.36,97.378,29,96.666,15617.5,98.776,15617.5,98.776
O,1:1,100,55,55,51375,51375,55,100.0,51375.0,100.0,51375.0,100.0,54,98.181,51312.0,99.877,47910.0,93.255,52,94.545,50095.85,97.51,50095.85,97.51,55,100.0,51375.0,100.0,51375.0,100.0
O,1:1,500,257,262,399987,399987,261,99.618,399987.0,100.0,399987.0,100.0,261,99.618,399987.0,100.0,399987.0,100.0,250,97.276,392733.58,98.187,392733.58,98.187,262,100.0,399987.0,100.0,399987.0,100.0
O,1:1,1000,503,513,1427860,1427860,512,99.805,1427860.0,100.0,1427860.0,100.0,512,99.805,1427860.0,100.0,1427860.0,100.0,502,99.801,1426454.07,99.902,1426454.07,99.902,512,99.805,1426455.17,99.902,1426455.17,99.902
O,1:1,2000,1018,1043,3181253,3181253,1042,99.904,3181253.0,100.0,3181253.0,100.0,1042,99.904,3181253.0,100.0,3181253.0,100.0,1007,98.919,3161384.11,99.375,3161384.11,99.375,1042,99.904,3179965.87,99.96,3179965.87,99.96
O,1:1,5000,2516,2516,43852383,43852383,2515,99.96,43852362.0,100.0,43799547.0,99.88,2515,99.96,43852362.0,100.0,43799547.0,99.88,2515,99.96,43845038.46,99.983,43845038.46,99.983,2515,99.96,43845038.46,99.983,43845038.46,99.983
O,1:1,10000,5026,5027,124484870,124484870,5026,99.98,124484870.0,100.0,124484870.0,100.0,5026,99.98,124484870.0,100.0,124484870.0,100.0,5026,100.0,124484870.0,100.0,124484870.0,100.0,5026,99.98,124476989.02,99.994,124476989.02,99.994
O,1:1,13036,6575,6576,196693516,196693516,6575,99.984,196693516.0,100.0,196693516.0,100.0,6575,99.984,196693516.0,100.0,196693516.0,100.0,6567,99.878,196621936.54,99.964,196621936.54,99.964,6576,100.0,196693516.0,100.0,196693516.0,100.0
OSTK,1:1,2,1,1,950,950,1,100.0,950.0,100.0,950.0,100.0,0,0.0,0,0.0,0,0.0,1,100.0,950.0,100.0,950.0,100.0,1,100.0,950.0,100.0,950.0,100.0
OSTK,1:1,3,2,2,1270,1270,1,50.0,1000.0,78.74,730.0,57.48,1,50.0,1000.0,78.74,730.0,57.48,1,50.0,975.0,76.772,975.0,76.772,1,50.0,975.0,76.772,975.0,76.772
OSTK,1:1,4,3,3,1390,1390,2,66.666,1290.0,92.806,1090.0,78.417,2,66.666,1290.0,92.806,1090.0,78.417,2,66.666,1266.67,91.127,1266.67,91.127,2,66.666,1266.67,91.127,1266.67,91.127
OSTK,1:1,5,3,3,1750,1750,3,100.0,1750.0,100.0,1750.0,100.0,2,66.666,1630.0,93.143,1390.0,79.429,3,100.0,1750.0,100.0,1750.0,100.0,3,100.0,1750.0,100.0,1750.0,100.0
OSTK,1:1,10,6,6,5570,5570,5,83.333,5530.0,99.282,5330.0,95.691,5,83.333,5530.0,99.282,5330.0,95.691,6,100.0,5570.0,100.0,5570.0,100.0,6,100.0,5570.0,100.0,5570.0,100.0
OSTK,1:1,15,9,9,12360,12360,8,88.888,12090.0,97.816,9930.0,80.34,8,88.888,12090.0,97.816,9930.0,80.34,8,88.888,11765.56,95.191,11765.56,95.191,8,88.888,11765.56,95.191,11765.56,95.191
OSTK,1:1,25,14,14,18380,18380,14,100.0,18380.0,100.0,18380.0,100.0,13,92.857,17940.0,97.606,12220.0,66.485,14,100.0,18380.0,100.0,18380.0,100.0,14,100.0,18380.0,100.0,18380.0,100.0
OSTK,1:1,50,27,27,90041,90041,27,100.0,90041.0,100.0,90041.0,100.0,26,96.296,89961.0,99.911,87881.0,97.601,25,92.592,84937.96,94.333,84937.96,94.333,27,100.0,90041.0,100.0,90041.0,100.0
OSTK,1:1,100,51,51,308670,308670,51,100.0,308670.0,100.0,308670.0,100.0,50,98.039,308620.0,99.984,306120.0,99.174,50,98.039,307401.96,99.589,307401.96,99.589,51,100.0,308670.0,100.0,308670.0,100.0
OSTK,1:1,500,264,265,2695116,2695116,264,99.622,2695116.0,100.0,2695116.0,100.0,264,99.622,2695116.0,100.0,2695116.0,100.0,262,99.242,2681582.18,99.498,2681582.18,99.498,264,99.622,2691687.12,99.873,2691687.12,99.873
OSTK,1:1,1000,508,508,13787711,13787711,508,100.0,13787711.0,100.0,13787711.0,100.0,507,99.803,13787621.0,99.999,13741991.0,99.668,507,99.803,13774790.62,99.906,13774790.62,99.906,507,99.803,13774790.62,99.906,13774790.62,99.906
OSTK,1:1,2000,1026,1028,19618819,19618819,1027,99.902,19618819.0,100.0,19618819.0,100.0,1027,99.902,19618819.0,100.0,19618819.0,100.0,1026,100.0,19618819.0,100.0,19618819.0,100.0,1028,100.0,19618819.0,100.0,19618819.0,100.0
OSTK,1:1,5000,2557,2558,43702351,43702351,2557,99.96,43702351.0,100.0,43702351.0,100.0,2557,99.96,43702351.0,100.0,43702351.0,100.0,2557,100.0,43702351.0,100.0,43702351.0,100.0,2557,99.96,43697878.45,99.99,43697878.45,99.99
OSTK,1:1,9202,4696,4703,81892917,81892917,4702,99.978,81892917.0,100.0,81892917.0,100.0,4702,99.978,81892917.0,100.0,81892917.0,100.0,4685,99.765,81752227.7,99.828,81752227.7,99.828,4702,99.978,81888274.99,99.994,81888274.99,99.994
PLUG,1:1,2,1,2,39375,39375,1,50.0,39375.0,100.0,39375.0,100.0,1,50.0,39375.0,100.0,39375.0,100.0,1,100.0,39375.0,100.0,39375.0,100.0,1,50.0,34375.0,87.302,34375.0,87.302
PLUG,1:1,3,2,3,75000,75000,2,66.666,75000.0,100.0,75000.0,100.0,2,66.666,75000.0,100.0,75000.0,100.0,2,100.0,75000.0,100.0,75000.0,100.0,2,66.666,70625.0,94.167,70625.0,94.167
PLUG,1:1,4,3,3,100625,100625,3,100.0,100625.0,100.0,100625.0,100.0,2,66.666,75000.0,74.534,23750.0,23.602,3,100.0,100625.0,100.0,100625.0,100.0,3,100.0,100625.0,100.0,100625.0,100.0
PLUG,1:1,5,4,4,110625,110625,3,75.0,106250.0,96.045,93125.0,84.181,3,75.0,106250.0,96.045,93125.0,84.181,3,75.0,87031.25,78.672,87031.25,78.672,3,75.0,87031.25,78.672,87031.25,78.672
PLUG,1:1,10,7,7,135313,135313,6,85.714,133750.0,98.845,124372.0,91.914,6,85.714,133750.0,98.845,124372.0,91.914,6,85.714,123750.43,91.455,123750.43,91.455,6,85.714,123750.43,91.455,123750.43,91.455
PLUG,1:1,15,10,10,176250,176250,9,90.0,175625.0,99.645,170000.0,96.454,9,90.0,175625.0,99.645,170000.0,96.454,9,90.0,168750.0,95.745,168750.0,95.745,10,100.0,176250.0,100.0,176250.0,100.0
PLUG,1:1,25,15,15,383750,383750,14,93.333,383125.0,99.837,374375.0,97.557,14,93.333,383125.0,99.837,374375.0,97.557,14,93.333,371250.0,96.743,371250.0,96.743,15,100.0,383750.0,100.0,383750.0,100.0
PLUG,1:1,50,26,26,4073751,4073751,25,96.153,4067501.0,99.847,3911251.0,96.011,25,96.153,4067501.0,99.847,3911251.0,96.011,25,96.153,4010121.15,98.438,4010121.15,98.438,25,96.153,4010121.15,98.438,4010121.15,98.438
PLUG,1:1,100,52,52,46858126,46858126,51,98.076,46854376.0,99.992,46663126.0,99.584,51,98.076,46854376.0,99.992,46663126.0,99.584,51,98.076,46525229.35,99.29,46525229.35,99.29,51,98.076,46525229.35,99.29,46525229.35,99.29
PLUG,1:1,500,256,256,120206872,120206872,255,99.609,120203847.0,99.997,119432472.0,99.356,255,99.609,120203847.0,99.997,119432472.0,99.356,256,100.0,120206872.0,100.0,120206872.0,100.0,256,100.0,120206872.0,100.0,120206872.0,100.0
PLUG,1:1,1000,514,515,170067711,170067711,514,99.805,170067711.0,100.0,170067711.0,100.0,514,99.805,170067711.0,100.0,170067711.0,100.0,514,100.0,170067711.0,100.0,170067711.0,100.0,514,99.805,170029917.82,99.978,170029917.82,99.978
PLUG,1:1,2000,1022,1024,195089336,195089336,1023,99.902,195089336.0,100.0,195089336.0,100.0,1023,99.902,195089336.0,100.0,195089336.0,100.0,1019,99.706,195044321.82,99.977,195044321.82,99.977,1024,100.0,195089336.0,100.0,195089336.0,100.0
PLUG,1:1,5000,2512,2524,295936857,295936857,2523,99.96,295936857.0,100.0,295936857.0,100.0,2523,99.96,295936857.0,100.0,295936857.0,100.0,2511,99.96,295824341.65,99.962,295824341.65,99.962,2523,99.96,295931588.26,99.998,295931588.26,99.998
PLUG,1:1,10000,5030,5041,577059011,577059011,5040,99.98,577059011.0,100.0,577059011.0,100.0,5040,99.98,577059011.0,100.0,577059011.0,100.0,5015,99.701,575416267.39,99.715,575416267.39,99.715,5040,99.98,577053815.14,99.999,577053815.14,99.999
PLUG,1:1,10494,5275,5286,579380044,579380044,5285,99.981,579380044.0,100.0,579380044.0,100.0,5285,99.981,579380044.0,100.0,579380044.0,100.0,5267,99.848,579342480.44,99.994,579342480.44,99.994,5286,100.0,579380044.0,100.0,579380044.0,100.0
QCOM,1:1,2,2,2,78,78,1,50.0,62.0,79.487,46.0,58.974,1,50.0,62.0,79.487,46.0,58.974,1,50.0,46.5,59.615,46.5,59.615,1,50.0,46.5,59.615,46.5,59.615
QCOM,1:1,3,2,3,78,78,2,66.666,78.0,100.0,78.0,100.0,2,66.666,78.0,100.0,78.0,100.0,1,50.0,46.5,59.615,46.5,59.615,2,66.666,57.0,73.077,57.0,73.077
QCOM,1:1,4,3,3,102,102,3,100.0,102.0,100.0,102.0,100.0,2,66.666,86.0,84.314,54.0,52.941,1,33.333,44.0,43.137,44.0,43.137,3,100.0,102.0,100.0,102.0,100.0
QCOM,1:1,5,3,4,102,102,3,75.0,102.0,100.0,102.0,100.0,3,75.0,102.0,100.0,102.0,100.0,3,100.0,102.0,100.0,102.0,100.0,3,75.0,86.25,84.559,86.25,84.559
QCOM,1:1,10,6,7,419,419,6,85.714,419.0,100.0,419.0,100.0,6,85.714,419.0,100.0,419.0,100.0,5,83.333,367.0,87.589,367.0,87.589,6,85.714,403.71,96.352,403.71,96.352
QCOM,1:1,15,9,9,1645,1645,8,88.888,1637.0,99.514,1573.0,95.623,8,88.888,1637.0,99.514,1573.0,95.623,8,88.888,1612.67,98.034,1612.67,98.034,8,88.888,1612.67,98.034,1612.67,98.034
QCOM,1:1,25,14,14,3034,3034,13,92.857,3026.0,99.736,2922.0,96.309,13,92.857,3026.0,99.736,2922.0,96.309,13,92.857,2873.5,94.71,2873.5,94.71,14,100.0,3034.0,100.0,3034.0,100.0
QCOM,1:1,50,28,28,4144,4144,28,100.0,4144.0,100.0,4144.0,100.0,27,96.428,4136.0,99.807,3920.0,94.595,27,96.428,4050.39,97.741,4050.39,97.741,28,100.0,4144.0,100.0,4144.0,100.0
QCOM,1:1,100,53,55,7126,7126,54,98.181,7126.0,100.0,7126.0,100.0,54,98.181,7126.0,100.0,7126.0,100.0,51,96.226,6977.51,97.916,6977.51,97.916,54,98.181,7067.98,99.186,7067.98,99.186
QCOM,1:1,500,255,255,269854,269854,255,100.0,269854.0,100.0,269854.0,100.0,254,99.607,269846.0,99.997,267814.0,99.244,248,97.254,268443.43,99.477,268443.43,99.477,255,100.0,269854.0,100.0,269854.0,100.0
QCOM,1:1,1000,506,510,591190,591190,509,99.803,591190.0,100.0,591190.0,100.0,509,99.803,591190.0,100.0,591190.0,100.0,503,99.407,589468.85,99.709,589468.85,99.709,509,99.803,590620.78,99.904,590620.78,99.904
QCOM,1:1,2000,1027,1031,4401021,4401021,1030,99.903,4401021.0,100.0,4401021.0,100.0,1030,99.903,4401021.0,100.0,4401021.0,100.0,1024,99.707,4391333.31,99.78,4391333.31,99.78,1030,99.903,4399969.01,99.976,4399969.01,99.976
QCOM,1:1,5000,2514,2514,89611054,89611054,2514,100.0,89611054.0,100.0,89611054.0,100.0,2513,99.96,89611013.0,100.0,89507980.0,99.885,2513,99.96,89592445.27,99.979,89592445.27,99.979,2513,99.96,89592445.27,99.979,89592445.27,99.979
QCOM,1:1,10000,5035,5037,234217463,234217463,5036,99.98,234217463.0,100.0,234217463.0,100.0,5036,99.98,234217463.0,100.0,234217463.0,100.0,5033,99.96,234172580.28,99.981,234172580.28,99.981,5037,100.0,234217463.0,100.0,234217463.0,100.0
QCOM,1:1,14474,7319,7319,320250372,320250372,7319,100.0,320250372.0,100.0,320250372.0,100.0,7318,99.986,320250362.0,100.0,320177182.0,99.977,7313,99.918,320104248.03,99.954,320104248.03,99.954,7319,100.0,320250372.0,100.0,320250372.0,100.0
R,1:1,2,1,1,250,250,1,100.0,250.0,100.0,250.0,100.0,0,0.0,0,0.0,0,0.0,1,100.0,250.0,100.0,250.0,100.0,1,100.0,250.0,100.0,250.0,100.0
R,1:1,3,1,2,334,334,1,50.0,334.0,100.0,334.0,100.0,1,50.0,334.0,100.0,334.0,100.0,1,100.0,334.0,100.0,334.0,100.0,1,50.0,292.0,87.425,292.0,87.425
R,1:1,4,2,3,543,543,2,66.666,543.0,100.0,543.0,100.0,2,66.666,543.0,100.0,543.0,100.0,1,50.0,396.5,73.02,396.5,73.02,2,66.666,445.33,82.014,445.33,82.014
R,1:1,5,3,3,752,752,2,66.666,668.0,88.83,500.0,66.489,2,66.666,668.0,88.83,500.0,66.489,1,33.333,417.33,55.496,417.33,55.496,3,100.0,752.0,100.0,752.0,100.0
R,1:1,10,6,6,2833,2833,5,83.333,2792.0,98.553,2587.0,91.317,5,83.333,2792.0,98.553,2587.0,91.317,5,83.333,2680.5,94.617,2680.5,94.617,5,83.333,2680.5,94.617,2680.5,94.617
R,1:1,15,8,8,5249,5249,8,100.0,5249.0,100.0,5249.0,100.0,7,87.5,4916.0,93.656,2585.0,49.247,8,100.0,5249.0,100.0,5249.0,100.0,8,100.0,5249.0,100.0,5249.0,100.0
R,1:1,25,13,14,8125,8125,13,92.857,8125.0,100.0,8125.0,100.0,13,92.857,8125.0,100.0,8125.0,100.0,12,92.307,7717.85,94.989,7717.85,94.989,13,92.857,7746.93,95.347,7746.93,95.347
R,1:1,50,25,26,27164,27164,25,96.153,27164.0,100.0,27164.0,100.0,25,96.153,27164.0,100.0,27164.0,100.0,25,100.0,27164.0,100.0,27164.0,100.0,25,96.153,26593.19,97.899,26593.19,97.899
R,1:1,100,51,52,94953,94953,51,98.076,94953.0,100.0,94953.0,100.0,51,98.076,94953.0,100.0,94953.0,100.0,49,96.078,92612.61,97.535,92612.61,97.535,51,98.076,94274.67,99.286,94274.67,99.286
R,1:1,500,254,260,847635,847635,259,99.615,847635.0,100.0,847635.0,100.0,259,99.615,847635.0,100.0,847635.0,100.0,248,97.637,837274.51,98.778,837274.51,98.778,259,99.615,846061.77,99.814,846061.77,99.814
R,1:1,1000,503,505,3301995,3301995,504,99.801,3301995.0,100.0,3301995.0,100.0,504,99.801,3301995.0,100.0,3301995.0,100.0,503,100.0,3301995.0,100.0,3301995.0,100.0,504,99.801,3299877.34,99.936,3299877.34,99.936
R,1:1,2000,1006,1010,14092076,14092076,1009,99.9,14092076.0,100.0,14092076.0,100.0,1009,99.9,14092076.0,100.0,14092076.0,100.0,999,99.304,14054676.04,99.735,14054676.04,99.735,1010,100.0,14092076.0,100.0,14092076.0,100.0
R,1:1,5000,2545,2545,32437028,32437028,2544,99.96,32437007.0,100.0,32383583.0,99.835,2544,99.96,32437007.0,100.0,32383583.0,99.835,2543,99.921,32426691.99,99.968,32426691.99,99.968,2545,100.0,32437028.0,100.0,32437028.0,100.0
R,1:1,10000,5047,5052,160296013,160296013,5051,99.98,160296013.0,100.0,160296013.0,100.0,5051,99.98,160296013.0,100.0,160296013.0,100.0,5032,99.702,159944350.85,99.781,159944350.85,99.781,5051,99.98,160287704.72,99.995,160287704.72,99.995
R,1:1,20000,10102,10103,314814128,314814128,10102,99.99,314814128.0,100.0,314814128.0,100.0,10102,99.99,314814128.0,100.0,314814128.0,100.0,10102,100.0,314814128.0,100.0,314814128.0,100.0,10102,99.99,314805813.85,99.997,314805813.85,99.997
R,1:1,20518,10368,10368,326543985,326543985,10368,100.0,326543985.0,100.0,326543985.0,100.0,10367,99.99,326543965.0,100.0,326336625.0,99.936,10365,99.971,326518826.52,99.992,326518826.52,99.992,10368,100.0,326543985.0,100.0,326543985.0,100.0
SHLO,1:1,2,1,2,750,750,1,50.0,750.0,100.0,750.0,100.0,1,50.0,750.0,100.0,750.0,100.0,0,0.0,0.0,0.0,0.0,0.0,1,50.0,375.0,50.0,375.0,50.0
SHLO,1:1,3,1,3,875,875,2,66.666,875.0,100.0,875.0,100.0,2,66.666,875.0,100.0,875.0,100.0,1,100.0,875.0,100.0,875.0,100.0,2,66.666,625.0,71.429,625.0,71.429
SHLO,1:1,4,2,4,1125,1125,3,75.0,1125.0,100.0,1125.0,100.0,3,75.0,1125.0,100.0,1125.0,100.0,1,50.0,625.0,55.556,625.0,55.556,3,75.0,875.0,77.778,875.0,77.778
SHLO,1:1,5,3,4,1375,1375,3,75.0,1375.0,100.0,1375.0,100.0,3,75.0,1375.0,100.0,1375.0,100.0,1,33.333,541.67,39.394,541.67,39.394,4,100.0,1375.0,100.0,1375.0,100.0
SHLO,1:1,10,6,7,3125,3125,6,85.714,3125.0,100.0,3125.0,100.0,6,85.714,3125.0,100.0,3125.0,100.0,4,66.666,2458.33,78.667,2458.33,78.667,7,100.0,3125.0,100.0,3125.0,100.0
SHLO,1:1,15,10,11,4500,4500,11,100.0,4500.0,100.0,4500.0,100.0,10,90.909,4500.0,100.0,4500.0,100.0,8,80.0,4025.0,89.444,4025.0,89.444,10,90.909,4284.09,95.202,4284.09,95.202
SHLO,1:1,25,12,19,6125,6125,18,94.736,6125.0,100.0,6125.0,100.0,18,94.736,6125.0,100.0,6125.0,100.0,11,91.666,5812.5,94.898,5812.5,94.898,18,94.736,6000.0,97.959,6000.0,97.959
SHLO,1:1,50,27,31,27000,27000,30,96.774,27000.0,100.0,27000.0,100.0,30,96.774,27000.0,100.0,27000.0,100.0,20,74.074,21199.07,78.515,21199.07,78.515,30,96.774,26850.81,99.447,26850.81,99.447
SHLO,1:1,100,52,54,87625,87625,53,98.148,87625.0,100.0,87625.0,100.0,53,98.148,87625.0,100.0,87625.0,100.0,46,88.461,80038.46,91.342,80038.46,91.342,53,98.148,87219.91,99.538,87219.91,99.538
SHLO,1:1,500,258,261,894377,894377,260,99.616,894377.0,100.0,894377.0,100.0,260,99.616,894377.0,100.0,894377.0,100.0,240,93.023,852669.26,95.337,852669.26,95.337,260,99.616,893240.73,99.873,893240.73,99.873
SHLO,1:1,1000,504,512,2968812,2968812,511,99.804,2968812.0,100.0,2968812.0,100.0,511,99.804,2968812.0,100.0,2968812.0,100.0,502,99.603,2963436.98,99.819,2963436.98,99.819,512,100.0,2968812.0,100.0,2968812.0,100.0
SHLO,1:1,2000,1005,1034,7753918,7753918,1033,99.903,7753918.0,100.0,7753918.0,100.0,1033,99.903,7753918.0,100.0,7753918.0,100.0,995,99.004,7720434.33,99.568,7720434.33,99.568,1034,100.0,7753918.0,100.0,7753918.0,100.0
SHLO,1:1,5000,2545,2561,20054838,20054838,2560,99.96,20054838.0,100.0,20054838.0,100.0,2560,99.96,20054838.0,100.0,20054838.0,100.0,2532,99.489,20004338.79,99.748,20004338.79,99.748,2560,99.96,20050867.42,99.98,20050867.42,99.98
SHLO,1:1,10000,5048,5091,42392397,42392397,5090,99.98,42392397.0,100.0,42392397.0,100.0,5090,99.98,42392397.0,100.0,42392397.0,100.0,5029,99.623,42311947.51,99.81,42311947.51,99.81,5091,100.0,42392397.0,100.0,42392397.0,100.0
SHLO,1:1,13696,6973,6981,55759505,55759505,6980,99.985,55759505.0,100.0,55759505.0,100.0,6980,99.985,55759505.0,100.0,55759505.0,100.0,6967,99.913,55735791.66,99.957,55735791.66,99.957,6981,100.0,55759505.0,100.0,55759505.0,100.0
SIRI,1:1,2,2,2,625,625,1,50.0,375.0,60.0,125.0,20.0,1,50.0,375.0,60.0,125.0,20.0,1,50.0,375.0,60.0,375.0,60.0,1,50.0,375.0,60.0,375.0,60.0
SIRI,1:1,3,3,3,671,671,2,66.666,625.0,93.145,533.0,79.434,2,66.666,625.0,93.145,533.0,79.434,2,66.666,625.0,93.145,625.0,93.145,2,66.666,625.0,93.145,625.0,93.145
SIRI,1:1,4,4,4,1046,1046,3,75.0,1000.0,95.602,862.0,82.409,3,75.0,1000.0,95.602,862.0,82.409,3,75.0,968.75,92.615,968.75,92.615,3,75.0,968.75,92.615,968.75,92.615
SIRI,1:1,5,4,4,1375,1375,4,100.0,1375.0,100.0,1375.0,100.0,3,75.0,1125.0,81.818,375.0,27.273,2,50.0,812.5,59.091,812.5,59.091,3,75.0,1093.75,79.545,1093.75,79.545
SIRI,1:1,10,6,6,2217,2217,5,83.333,2171.0,97.925,1941.0,87.551,5,83.333,2171.0,97.925,1941.0,87.551,5,83.333,1993.33,89.911,1993.33,89.911,6,100.0,2217.0,100.0,2217.0,100.0
SIRI,1:1,15,6,9,4092,4092,8,88.888,4092.0,100.0,4092.0,100.0,8,88.888,4092.0,100.0,4092.0,100.0,6,100.0,4092.0,100.0,4092.0,100.0,9,100.0,4092.0,100.0,4092.0,100.0
SIRI,1:1,25,12,14,8763,8763,13,92.857,8763.0,100.0,8763.0,100.0,13,92.857,8763.0,100.0,8763.0,100.0,11,91.666,8408.83,95.958,8408.83,95.958,14,100.0,8763.0,100.0,8763.0,100.0
SIRI,1:1,50,22,30,14138,14138,29,96.666,14138.0,100.0,14138.0,100.0,29,96.666,14138.0,100.0,14138.0,100.0,20,90.909,13273.18,93.883,13273.18,93.883,29,96.666,13983.83,98.91,13983.83,98.91
SIRI,1:1,100,51,55,74516,74516,54,98.181,74516.0,100.0,74516.0,100.0,54,98.181,74516.0,100.0,74516.0,100.0,44,86.274,70748.49,94.944,70748.49,94.944,54,98.181,73660.24,98.852,73660.24,98.852
SIRI,1:1,500,259,265,940166,940166,264,99.622,940166.0,100.0,940166.0,100.0,264,99.622,940166.0,100.0,940166.0,100.0,245,94.594,930438.22,98.965,930438.22,98.965,265,100.0,940166.0,100.0,940166.0,100.0
SIRI,1:1,1000,510,512,7129898,7129898,511,99.804,7129898.0,100.0,7129898.0,100.0,511,99.804,7129898.0,100.0,7129898.0,100.0,505,99.019,7113598.36,99.771,7113598.36,99.771,512,100.0,7129898.0,100.0,7129898.0,100.0
SIRI,1:1,2000,1009,1009,25151222,25151222,1008,99.9,25151164.0,100.0,25092700.0,99.767,1008,99.9,25151164.0,100.0,25092700.0,99.767,1008,99.9,25143189.43,99.968,25143189.43,99.968,1008,99.9,25143189.43,99.968,25143189.43,99.968
SIRI,1:1,5000,2535,2538,34792971,34792971,2537,99.96,34792971.0,100.0,34792971.0,100.0,2537,99.96,34792971.0,100.0,34792971.0,100.0,2525,99.605,34671361.11,99.65,34671361.11,99.65,2537,99.96,34791408.8,99.996,34791408.8,99.996
SIRI,1:1,10000,5069,5075,67348912,67348912,5074,99.98,67348912.0,100.0,67348912.0,100.0,5074,99.98,67348912.0,100.0,67348912.0,100.0,5056,99.743,67195732.17,99.773,67195732.17,99.773,5074,99.98,67347410.41,99.998,67347410.41,99.998
SIRI,1:1,13086,6645,6652,72678206,72678206,6651,99.984,72678206.0,100.0,72678206.0,100.0,6651,99.984,72678206.0,100.0,72678206.0,100.0,6615,99.548,72632810.87,99.938,72632810.87,99.938,6652,100.0,72678206.0,100.0,72678206.0,100.0
T,1:1,2,1,2,94,94,1,50.0,94.0,100.0,94.0,100.0,1,50.0,94.0,100.0,94.0,100.0,1,100.0,94.0,100.0,94.0,100.0,1,50.0,68.0,72.34,68.0,72.34
T,1:1,3,2,2,136,136,2,100.0,136.0,100.0,136.0,100.0,1,50.0,94.0,69.118,52.0,38.235,1,50.0,89.0,65.441,89.0,65.441,2,100.0,136.0,100.0,136.0,100.0
T,1:1,4,3,3,168,168,2,66.666,157.0,93.452,135.0,80.357,2,66.666,157.0,93.452,135.0,80.357,2,66.666,146.67,87.302,146.67,87.302,2,66.666,146.67,87.302,146.67,87.302
T,1:1,5,4,4,189,189,3,75.0,178.0,94.18,145.0,76.72,3,75.0,178.0,94.18,145.0,76.72,2,50.0,146.5,77.513,146.5,77.513,3,75.0,167.75,88.757,167.75,88.757
T,1:1,10,5,5,804,804,5,100.0,804.0,100.0,804.0,100.0,4,80.0,731.0,90.92,439.0,54.602,5,100.0,804.0,100.0,804.0,100.0,5,100.0,804.0,100.0,804.0,100.0
T,1:1,15,8,9,1302,1302,8,88.888,1302.0,100.0,1302.0,100.0,8,88.888,1302.0,100.0,1302.0,100.0,7,87.5,1243.75,95.526,1243.75,95.526,8,88.888,1250.22,96.023,1250.22,96.023
T,1:1,25,14,16,1803,1803,15,93.75,1803.0,100.0,1803.0,100.0,15,93.75,1803.0,100.0,1803.0,100.0,12,85.714,1730.86,95.999,1730.86,95.999,15,93.75,1771.44,98.249,1771.44,98.249
T,1:1,50,27,27,9867,9867,26,96.296,9857.0,99.899,9597.0,97.264,26,96.296,9857.0,99.899,9597.0,97.264,25,92.592,9541.15,96.698,9541.15,96.698,27,100.0,9867.0,100.0,9867.0,100.0
T,1:1,100,52,55,17429,17429,54,98.181,17429.0,100.0,17429.0,100.0,54,98.181,17429.0,100.0,17429.0,100.0,52,100.0,17429.0,100.0,17429.0,100.0,54,98.181,17307.89,99.305,17307.89,99.305
T,1:1,500,252,252,336709,336709,251,99.603,336699.0,99.997,334189.0,99.252,251,99.603,336699.0,99.997,334189.0,99.252,251,99.603,335856.77,99.747,335856.77,99.747,252,100.0,336709.0,100.0,336709.0,100.0
T,1:1,1000,505,505,1595980,1595980,505,100.0,1595980.0,100.0,1595980.0,100.0,504,99.801,1595970.0,99.999,1590930.0,99.684,501,99.207,1591369.93,99.711,1591369.93,99.711,505,100.0,1595980.0,100.0,1595980.0,100.0
T,1:1,2000,1020,1023,5268106,5268106,1022,99.902,5268106.0,100.0,5268106.0,100.0,1022,99.902,5268106.0,100.0,5268106.0,100.0,1016,99.607,5258609.99,99.82,5258609.99,99.82,1022,99.902,5265738.96,99.955,5265738.96,99.955
T,1:1,5000,2511,2518,57674638,57674638,2517,99.96,57674638.0,100.0,57674638.0,100.0,2517,99.96,57674638.0,100.0,57674638.0,100.0,2509,99.92,57646434.77,99.951,57646434.77,99.951,2517,99.96,57665795.47,99.985,57665795.47,99.985
T,1:1,10000,5049,5058,107004090,107004090,5057,99.98,107004090.0,100.0,107004090.0,100.0,5057,99.98,107004090.0,100.0,107004090.0,100.0,5044,99.9,106947794.3,99.947,106947794.3,99.947,5058,100.0,107004090.0,100.0,107004090.0,100.0
T,1:1,18550,9351,9353,183409982,183409982,9352,99.989,183409982.0,100.0,183409982.0,100.0,9352,99.989,183409982.0,100.0,183409982.0,100.0,9350,99.989,183400542.45,99.995,183400542.45,99.995,9353,100.0,183409982.0,100.0,183409982.0,100.0
TSLA,1:1,2,1,1,2284,2284,1,100.0,2284.0,100.0,2284.0,100.0,0,0.0,0,0.0,0,0.0,1,100.0,2284.0,100.0,2284.0,100.0,1,100.0,2284.0,100.0,2284.0,100.0
TSLA,1:1,3,2,2,2468,2468,2,100.0,2468.0,100.0,2468.0,100.0,1,50.0,2284.0,92.545,2100.0,85.089,2,100.0,2468.0,100.0,2468.0,100.0,2,100.0,2468.0,100.0,2468.0,100.0
TSLA,1:1,4,2,3,2868,2868,2,66.666,2868.0,100.0,2868.0,100.0,2,66.666,2868.0,100.0,2868.0,100.0,2,100.0,2868.0,100.0,2868.0,100.0,2,66.666,2334.67,81.404,2334.67,81.404
TSLA,1:1,5,3,3,3868,3868,3,100.0,3868.0,100.0,3868.0,100.0,2,66.666,3468.0,89.659,2668.0,68.976,2,66.666,3001.33,77.594,3001.33,77.594,3,100.0,3868.0,100.0,3868.0,100.0
TSLA,1:1,10,5,5,7796,7796,5,100.0,7796.0,100.0,7796.0,100.0,4,80.0,7386.0,94.741,5746.0,73.704,5,100.0,7796.0,100.0,7796.0,100.0,5,100.0,7796.0,100.0,7796.0,100.0
TSLA,1:1,15,9,9,9830,9830,8,88.888,9800.0,99.695,9560.0,97.253,8,88.888,9800.0,99.695,9560.0,97.253,8,88.888,9407.56,95.702,9407.56,95.702,8,88.888,9407.56,95.702,9407.56,95.702
TSLA,1:1,25,16,16,11066,11066,16,100.0,11066.0,100.0,11066.0,100.0,15,93.75,11040.0,99.765,10650.0,96.241,14,87.5,10361.5,93.634,10361.5,93.634,15,93.75,10713.75,96.817,10713.75,96.817
TSLA,1:1,50,28,28,17133,17133,28,100.0,17133.0,100.0,17133.0,100.0,27,96.428,17114.0,99.889,16601.0,96.895,27,96.428,16859.04,98.401,16859.04,98.401,27,96.428,16859.04,98.401,16859.04,98.401
TSLA,1:1,100,60,60,38889,38889,59,98.333,38887.0,99.995,38769.0,99.691,59,98.333,38887.0,99.995,38769.0,99.691,59,98.333,38473.23,98.931,38473.23,98.931,60,100.0,38889.0,100.0,38889.0,100.0
TSLA,1:1,500,269,270,409781,409781,270,100.0,409781.0,100.0,409781.0,100.0,269,99.629,409781.0,100.0,409781.0,100.0,269,100.0,409781.0,100.0,409781.0,100.0,269,99.629,408975.61,99.803,408975.61,99.803
TSLA,1:1,1000,516,516,8479838,8479838,516,100.0,8479838.0,100.0,8479838.0,100.0,515,99.806,8479832.0,100.0,8476742.0,99.963,515,99.806,8478708.17,99.987,8478708.17,99.987,516,100.0,8479838.0,100.0,8479838.0,100.0
TSLA,1:1,2000,1014,1014,39642666,39642666,1013,99.901,39642658.0,100.0,39634554.0,99.98,1013,99.901,39642658.0,100.0,39634554.0,99.98,1013,99.901,39616513.46,99.934,39616513.46,99.934,1013,99.901,39616513.46,99.934,39616513.46,99.934
TSLA,1:1,5000,2545,2545,123724812,123724812,2544,99.96,123724800.0,100.0,123694272.0,99.975,2544,99.96,123724800.0,100.0,123694272.0,99.975,2544,99.96,123700694.76,99.981,123700694.76,99.981,2545,100.0,123724812.0,100.0,123724812.0,100.0
TSLA,1:1,5132,2610,2610,146382608,146382608,2609,99.961,146382603.0,100.0,146369558.0,99.991,2609,99.961,146382603.0,100.0,146369558.0,99.991,2609,99.961,146350940.53,99.978,146350940.53,99.978,2610,100.0,146382608.0,100.0,146382608.0,100.0
WFC,1:1,2,1,2,890,890,1,50.0,890.0,100.0,890.0,100.0,1,50.0,890.0,100.0,890.0,100.0,1,100.0,890.0,100.0,890.0,100.0,1,50.0,449.0,50.449,449.0,50.449
WFC,1:1,3,2,3,903,903,2,66.666,903.0,100.0,903.0,100.0,2,66.666,903.0,100.0,903.0,100.0,1,50.0,892.5,98.837,892.5,98.837,2,66.666,609.0,67.442,609.0,67.442
WFC,1:1,4,3,3,932,932,3,100.0,932.0,100.0,932.0,100.0,2,66.666,924.0,99.142,908.0,97.425,2,66.666,630.0,67.597,630.0,67.597,2,66.666,630.0,67.597,630.0,67.597
WFC,1:1,5,3,3,937,937,3,100.0,937.0,100.0,937.0,100.0,2,66.666,924.0,98.613,898.0,95.838,1,33.333,323.0,34.472,323.0,34.472,3,100.0,937.0,100.0,937.0,100.0
WFC,1:1,10,6,7,968,968,6,85.714,968.0,100.0,968.0,100.0,6,85.714,968.0,100.0,968.0,100.0,3,50.0,496.5,51.291,496.5,51.291,7,100.0,968.0,100.0,968.0,100.0
WFC,1:1,15,9,11,983,983,10,90.909,983.0,100.0,983.0,100.0,10,90.909,983.0,100.0,983.0,100.0,4,44.444,454.11,46.196,454.11,46.196,11,100.0,983.0,100.0,983.0,100.0
WFC,1:1,25,14,15,1499,1499,14,93.333,1499.0,100.0,1499.0,100.0,14,93.333,1499.0,100.0,1499.0,100.0,10,71.428,1343.29,89.612,1343.29,89.612,14,93.333,1435.4,95.757,1435.4,95.757
WFC,1:1,50,25,26,4580,4580,25,96.153,4580.0,100.0,4580.0,100.0,25,96.153,4580.0,100.0,4580.0,100.0,25,100.0,4580.0,100.0,4580.0,100.0,25,96.153,4448.46,97.128,4448.46,97.128
WFC,1:1,100,50,52,9624,9624,51,98.076,9624.0,100.0,9624.0,100.0,51,98.076,9624.0,100.0,9624.0,100.0,49,98.0,9481.76,98.522,9481.76,98.522,51,98.076,9487.23,98.579,9487.23,98.579
WFC,1:1,500,255,261,42200,42200,260,99.616,42200.0,100.0,42200.0,100.0,260,99.616,42200.0,100.0,42200.0,100.0,253,99.215,42037.57,99.615,42037.57,99.615,260,99.616,42117.66,99.805,42117.66,99.805
WFC,1:1,1000,500,504,196820,196820,503,99.801,196820.0,100.0,196820.0,100.0,503,99.801,196820.0,100.0,196820.0,100.0,499,99.8,196625.84,99.901,196625.84,99.901,504,100.0,196820.0,100.0,196820.0,100.0
WFC,1:1,2000,1011,1035,257479,257479,1034,99.903,257479.0,100.0,257479.0,100.0,1034,99.903,257479.0,100.0,257479.0,100.0,994,98.318,255519.9,99.239,255519.9,99.239,1034,99.903,257342.8,99.947,257342.8,99.947
WFC,1:1,5000,2527,2537,2451095,2451095,2536,99.96,2451095.0,100.0,2451095.0,100.0,2536,99.96,2451095.0,100.0,2451095.0,100.0,2494,98.694,2424774.48,98.926,2424774.48,98.926,2536,99.96,2450923.31,99.993,2450923.31,99.993
WFC,1:1,10000,5008,5009,99537529,99537529,5008,99.98,99537529.0,100.0,99537529.0,100.0,5008,99.98,99537529.0,100.0,99537529.0,100.0,5003,99.9,99453527.25,99.916,99453527.25,99.916,5008,99.98,99534454.26,99.997,99534454.26,99.997
WFC,1:1,20000,10014,10020,237021746,237021746,10019,99.99,237021746.0,100.0,237021746.0,100.0,10019,99.99,237021746.0,100.0,237021746.0,100.0,10011,99.97,236959944.56,99.974,236959944.56,99.974,10019,99.99,237018679.28,99.999,237018679.28,99.999
WFC,1:1,24346,12198,12199,375287682,375287682,12198,99.991,375287682.0,100.0,375287682.0,100.0,12198,99.991,375287682.0,100.0,375287682.0,100.0,12182,99.868,374902655.22,99.897,374902655.22,99.897,12198,99.991,375280980.39,99.998,375280980.39,99.998
WMT,1:1,2,1,2,1,1,1,50.0,1.0,100.0,1.0,100.0,1,50.0,1.0,100.0,1.0,100.0,0,0.0,0.0,0.0,0.0,0.0,1,50.0,0.5,50.0,0.5,50.0
WMT,1:1,3,2,2,2,2,2,100.0,2.0,100.0,2.0,100.0,1,50.0,1.0,50.0,0.0,0.0,0,0.0,0.0,0.0,0.0,0.0,2,100.0,2.0,100.0,2.0,100.0
WMT,1:1,4,2,3,2,2,2,66.666,2.0,100.0,2.0,100.0,2,66.666,2.0,100.0,2.0,100.0,0,0.0,0.0,0.0,0.0,0.0,2,66.666,2.0,100.0,2.0,100.0
WMT,1:1,5,2,4,3,3,4,100.0,3.0,100.0,3.0,100.0,3,75.0,3.0,100.0,3.0,100.0,1,50.0,2.0,66.667,2.0,66.667,3,75.0,2.75,91.667,2.75,91.667
WMT,1:1,10,4,6,6,6,5,83.333,6.0,100.0,6.0,100.0,5,83.333,6.0,100.0,6.0,100.0,0,0.0,0.0,0.0,0.0,0.0,5,83.333,6.0,100.0,6.0,100.0
WMT,1:1,15,5,11,7,7,10,90.909,7.0,100.0,7.0,100.0,10,90.909,7.0,100.0,7.0,100.0,0,0.0,0.0,0.0,0.0,0.0,10,90.909,7.0,100.0,7.0,100.0
WMT,1:1,25,7,18,43,43,17,94.444,43.0,100.0,43.0,100.0,17,94.444,43.0,100.0,43.0,100.0,6,85.714,38.0,88.372,38.0,88.372,18,100.0,43.0,100.0,43.0,100.0
WMT,1:1,50,25,28,107,107,27,96.428,107.0,100.0,107.0,100.0,27,96.428,107.0,100.0,107.0,100.0,18,72.0,94.4,88.224,94.4,88.224,27,96.428,104.79,97.931,104.79,97.931
WMT,1:1,100,50,53,298,298,52,98.113,298.0,100.0,298.0,100.0,52,98.113,298.0,100.0,298.0,100.0,49,98.0,295.7,99.228,295.7,99.228,53,100.0,298.0,100.0,298.0,100.0
WMT,1:1,500,242,264,5232,5232,263,99.621,5232.0,100.0,5232.0,100.0,263,99.621,5232.0,100.0,5232.0,100.0,238,98.347,5199.21,99.373,5199.21,99.373,264,100.0,5232.0,100.0,5232.0,100.0
WMT,1:1,1000,494,514,11450,11450,513,99.805,11450.0,100.0,11450.0,100.0,513,99.805,11450.0,100.0,11450.0,100.0,487,98.582,11372.67,99.325,11372.67,99.325,514,100.0,11450.0,100.0,11450.0,100.0
WMT,1:1,2000,989,1040,50094,50094,1039,99.903,50094.0,100.0,50094.0,100.0,1039,99.903,50094.0,100.0,50094.0,100.0,979,98.988,49929.52,99.672,49929.52,99.672,1040,100.0,50094.0,100.0,50094.0,100.0
WMT,1:1,5000,2502,2503,10648745,10648745,2503,100.0,10648745.0,100.0,10648745.0,100.0,2502,99.96,10648745.0,100.0,10648745.0,100.0,2502,100.0,10648745.0,100.0,10648745.0,100.0,2502,99.96,10648441.41,99.997,10648441.41,99.997
WMT,1:1,10000,5025,5042,192168293,192168293,5041,99.98,192168293.0,100.0,192168293.0,100.0,5041,99.98,192168293.0,100.0,192168293.0,100.0,5016,99.82,191910711.25,99.866,191910711.25,99.866,5042,100.0,192168293.0,100.0,192168293.0,100.0
WMT,1:1,20000,10051,10081,452743723,452743723,10080,99.99,452743723.0,100.0,452743723.0,100.0,10080,99.99,452743723.0,100.0,452743723.0,100.0,10028,99.771,452523521.08,99.951,452523521.08,99.951,10081,100.0,452743723.0,100.0,452743723.0,100.0
WMT,1:1,24226,12133,12140,685694234,685694234,12140,100.0,685694234.0,100.0,685694234.0,100.0,12139,99.991,685694234.0,100.0,685694234.0,100.0,12131,99.983,685673366.95,99.997,685673366.95,99.997,12139,99.991,685683806.49,99.998,685683806.49,99.998
X,1:1,2,2,2,6500,6500,1,50.0,6125.0,94.231,5750.0,88.462,1,50.0,6125.0,94.231,5750.0,88.462,1,50.0,4562.5,70.192,4562.5,70.192,1,50.0,4562.5,70.192,4562.5,70.192
X,1:1,3,2,2,9375,9375,2,100.0,9375.0,100.0,9375.0,100.0,1,50.0,6375.0,68.0,3375.0,36.0,2,100.0,9375.0,100.0,9375.0,100.0,2,100.0,9375.0,100.0,9375.0,100.0
X,1:1,4,3,3,10125,10125,2,66.666,9500.0,93.827,8250.0,81.481,2,66.666,9500.0,93.827,8250.0,81.481,3,100.0,10125.0,100.0,10125.0,100.0,3,100.0,10125.0,100.0,10125.0,100.0
X,1:1,5,4,4,11750,11750,3,75.0,11375.0,96.809,10250.0,87.234,3,75.0,11375.0,96.809,10250.0,87.234,4,100.0,11750.0,100.0,11750.0,100.0,4,100.0,11750.0,100.0,11750.0,100.0
X,1:1,10,7,8,14000,14000,7,87.5,14000.0,100.0,14000.0,100.0,7,87.5,14000.0,100.0,14000.0,100.0,7,100.0,14000.0,100.0,14000.0,100.0,7,87.5,12703.12,90.737,12703.12,90.737
X,1:1,15,8,9,21875,21875,9,100.0,21875.0,100.0,21875.0,100.0,8,88.888,21875.0,100.0,21875.0,100.0,8,100.0,21875.0,100.0,21875.0,100.0,8,88.888,20180.56,92.254,20180.56,92.254
X,1:1,25,14,16,33375,33375,15,93.75,33375.0,100.0,33375.0,100.0,15,93.75,33375.0,100.0,33375.0,100.0,13,92.857,32517.86,97.432,32517.86,97.432,15,93.75,32039.06,95.997,32039.06,95.997
X,1:1,50,29,30,52375,52375,29,96.666,52375.0,100.0,52375.0,100.0,29,96.666,52375.0,100.0,52375.0,100.0,28,96.551,51625.0,98.568,51625.0,98.568,30,100.0,52375.0,100.0,52375.0,100.0
X,1:1,100,53,54,158125,158125,53,98.148,158125.0,100.0,158125.0,100.0,53,98.148,158125.0,100.0,158125.0,100.0,53,100.0,158125.0,100.0,158125.0,100.0,53,98.148,156800.93,99.163,156800.93,99.163
X,1:1,500,257,262,1496125,1496125,261,99.618,1496125.0,100.0,1496125.0,100.0,261,99.618,1496125.0,100.0,1496125.0,100.0,252,98.054,1486769.46,99.375,1486769.46,99.375,262,100.0,1496125.0,100.0,1496125.0,100.0
X,1:1,1000,506,508,5741625,5741625,507,99.803,5741625.0,100.0,5741625.0,100.0,507,99.803,5741625.0,100.0,5741625.0,100.0,506,100.0,5741625.0,100.0,5741625.0,100.0,508,100.0,5741625.0,100.0,5741625.0,100.0
X,1:1,2000,1024,1031,9363986,9363986,1030,99.903,9363986.0,100.0,9363986.0,100.0,1030,99.903,9363986.0,100.0,9363986.0,100.0,1014,99.023,9318357.59,99.513,9318357.59,99.513,1031,100.0,9363986.0,100.0,9363986.0,100.0
X,1:1,5000,2529,2536,83561663,83561663,2535,99.96,83561663.0,100.0,83561663.0,100.0,2535,99.96,83561663.0,100.0,83561663.0,100.0,2521,99.683,83488519.5,99.912,83488519.5,99.912,2536,100.0,83561663.0,100.0,83561663.0,100.0
X,1:1,10000,5068,5068,123842108,123842108,5068,100.0,123842108.0,100.0,123842108.0,100.0,5067,99.98,123842098.0,100.0,123791428.0,99.959,5067,99.98,123834321.94,99.994,123834321.94,99.994,5067,99.98,123834321.94,99.994,123834321.94,99.994
X,1:1,14816,7519,7520,216493222,216493222,7519,99.986,216493222.0,100.0,216493222.0,100.0,7519,99.986,216493222.0,100.0,216493222.0,100.0,7518,99.986,216472892.72,99.991,216472892.72,99.991,7519,99.986,216484759.58,99.996,216484759.58,99.996
