stock_name,recipe,num_possible_trades,optimal_count,optimal_count_with_gft_zero,optimal_gft,SBB_External_Competition_auction_count,SBB_External_Competition_count_ratio,SBB_External_Competition_gft,SBB_External_Competition_gft_ratio,SBB_Ascending_Prices_auction_count,SBB_Ascending_Prices_count_ratio,SBB_Ascending_Prices_gft,SBB_Ascending_Prices_gft_ratio
A,1:8,2,1.0,1.0,209159.8,0.7,67.8,173320.6,64.336,0.7,68.0,184915.0,67.57
A,1:8,3,1.4,1.4,318960.0,1.2,82.466,277793.2,80.377,1.2,82.766,299099.3,86.519
A,1:8,4,2.0,2.0,464513.0,1.7,86.716,415274.0,87.644,1.7,87.049,441387.8,93.129
A,1:8,5,2.5,2.5,569961.7,2.2,89.699,520106.4,90.033,2.2,89.766,548293.0,95.187
A,1:8,10,5.0,5.0,1174558.9,4.7,94.586,1117819.5,94.824,4.7,94.797,1154439.4,98.116
A,1:8,15,7.5,7.5,1763237.4,7.2,96.141,1704365.3,96.526,7.2,96.341,1744745.0,98.858
A,1:8,25,12.4,12.4,2941951.5,12.2,97.929,2878425.1,97.808,12.2,98.092,2925449.7,99.425
A,1:8,50,25.0,25.0,5971681.2,24.7,98.764,5907943.4,98.902,24.7,98.925,5955049.3,99.711
A,1:8,100,49.9,49.9,11869253.0,49.6,99.31,11790117.1,99.326,49.7,99.488,11853139.8,99.862
A,1:8,500,250.1,250.1,59686046.6,249.5,99.771,59574203.5,99.812,249.8,99.895,59669027.1,99.971
A,1:8,1000,500.1,500.1,119094534.0,499.4,99.855,118962098.4,99.888,499.9,99.959,119078326.2,99.986
A,1:8,2000,999.9,1000.0,238251364.3,999.0,99.903,238115328.4,99.942,999.8,99.984,238235050.2,99.993
AGNC,1:8,2,1.0,1.0,57902.8,0.7,67.15,48496.1,64.635,0.7,67.65,51121.6,67.662
AGNC,1:8,3,1.5,1.5,93908.0,1.2,81.099,80470.4,80.196,1.2,82.299,85610.3,86.033
AGNC,1:8,4,2.0,2.0,130007.9,1.7,86.574,115202.4,86.189,1.7,88.091,122878.5,92.61
AGNC,1:8,5,2.5,2.5,166823.6,2.2,88.216,151670.4,89.593,2.2,89.099,159591.2,94.835
AGNC,1:8,10,5.0,5.0,335449.7,4.7,93.759,318835.1,94.733,4.7,94.21,328601.0,97.812
AGNC,1:8,15,7.5,7.5,506868.6,7.1,95.6,488001.1,96.051,7.2,96.464,500539.8,98.691
AGNC,1:8,25,12.5,12.5,857195.2,12.2,97.47,837715.8,97.656,12.3,97.991,851324.9,99.298
AGNC,1:8,50,25.1,25.1,1722621.4,24.7,98.44,1699652.4,98.639,24.8,98.869,1715942.4,99.608
AGNC,1:8,100,49.9,49.9,3434375.5,49.5,99.048,3407420.9,99.21,49.7,99.459,3428033.4,99.814
AGNC,1:8,500,249.9,249.9,17263018.5,249.1,99.683,17223318.9,99.77,249.7,99.913,17257028.9,99.965
AGNC,1:8,1000,499.7,499.7,34546660.0,498.8,99.808,34507284.4,99.886,499.5,99.966,34540371.4,99.981
AMZN,1:8,2,0.9,0.9,5068683.5,0.7,66.05,4208701.6,61.306,0.7,66.05,4708394.4,66.296
AMZN,1:8,3,1.4,1.4,7614880.0,1.2,84.449,6636218.7,79.911,1.2,84.549,7406495.3,89.749
AMZN,1:8,4,1.9,1.9,10335520.3,1.7,88.508,9309571.4,87.388,1.7,88.558,10147238.8,95.614
AMZN,1:8,5,2.5,2.5,13655019.8,2.2,90.766,12475838.3,89.613,2.2,90.849,13475070.7,97.463
AMZN,1:8,10,5.0,5.0,27436624.6,4.7,94.927,26062737.5,94.406,4.7,95.03,27284334.9,99.243
AMZN,1:8,15,7.5,7.5,41790813.6,7.2,96.05,40287495.5,96.112,7.2,96.062,41620349.6,99.516
AMZN,1:8,25,12.5,12.5,68197382.8,12.2,97.9,66659858.9,97.6,12.2,97.954,68067851.3,99.796
AMZN,1:8,50,25.0,25.0,137986038.2,24.7,98.912,136589814.2,98.919,24.7,98.954,137871175.5,99.912
AMZN,1:8,100,50.1,50.1,277751172.0,49.8,99.407,276208128.1,99.437,49.9,99.442,277641803.8,99.959
AMZN,1:8,500,250.0,250.0,1384828601.5,249.7,99.852,1383083012.1,99.873,249.7,99.884,1384723666.8,99.992
AMZN,1:8,1000,499.6,499.6,2770140031.9,499.2,99.918,2767918052.6,99.919,499.4,99.948,2770040331.5,99.996
AMZN,1:8,2000,1000.2,1000.2,5546294046.8,999.7,99.953,5543929571.5,99.957,1000.0,99.976,5546196467.9,99.998
BA,1:8,2,0.9,0.9,546384.7,0.7,67.5,464707.4,63.549,0.7,67.8,510262.2,67.689
BA,1:8,3,1.5,1.5,1016453.8,1.2,81.483,898167.5,80.508,1.2,81.833,970840.6,88.048
BA,1:8,4,2.0,2.0,1252833.0,1.7,87.533,1128590.7,86.587,1.7,87.733,1215205.6,94.479
BA,1:8,5,2.4,2.4,1601756.6,2.2,89.191,1461703.1,89.32,2.2,89.324,1563775.3,96.26
BA,1:8,10,5.0,5.0,3336344.7,4.7,94.048,3180814.0,94.744,4.7,94.249,3296940.7,98.587
BA,1:8,15,7.5,7.5,5028813.1,7.1,95.637,4857581.2,96.334,7.1,95.937,4992083.7,99.159
BA,1:8,25,12.5,12.5,8334922.8,12.2,97.656,8152715.2,97.806,12.2,98.02,8302617.2,99.578
BA,1:8,50,25.0,25.0,16980872.0,24.6,98.493,16758899.8,98.675,24.7,98.863,16945834.9,99.788
BA,1:8,100,50.0,50.0,34189397.9,49.5,99.154,33921410.8,99.217,49.7,99.535,34158832.8,99.909
BA,1:8,500,250.0,250.0,170542104.9,249.2,99.695,170177316.6,99.785,249.7,99.913,170506270.3,99.978
BA,1:8,1000,500.1,500.1,341276506.7,499.1,99.802,340907953.2,99.891,499.9,99.964,341239925.1,99.989
BA,1:8,2000,1000.4,1000.6,684464585.6,999.2,99.862,684046944.7,99.939,1000.4,99.987,684428605.1,99.994
BA,1:8,5000,2500.0,2500.8,1707599659.6,2498.0,99.889,1706951195.9,99.961,2500.7,99.996,1707565440.6,99.997
BAC,1:8,2,1.0,1.0,152749.7,0.7,66.0,128470.5,63.11,0.7,66.3,135500.8,65.918
BAC,1:8,3,1.5,1.5,249407.9,1.2,82.316,214079.4,80.755,1.2,82.716,229586.3,86.801
BAC,1:8,4,2.0,2.0,347098.6,1.7,85.949,309939.4,87.082,1.7,86.649,327594.9,92.464
BAC,1:8,5,2.5,2.5,443494.9,2.2,88.958,407791.1,90.492,2.2,89.474,424825.7,94.975
BAC,1:8,10,5.0,5.0,904666.5,4.7,94.006,860366.4,94.84,4.7,94.471,886563.7,97.813
BAC,1:8,15,7.5,7.5,1368239.8,7.2,96.215,1323336.4,96.562,7.2,96.493,1350558.6,98.614
BAC,1:8,25,12.5,12.5,2312856.9,12.2,97.434,2265661.3,97.892,12.3,97.823,2295622.9,99.23
BAC,1:8,50,25.0,25.0,4619759.6,24.6,98.529,4560600.7,98.696,24.7,98.948,4602646.1,99.621
BAC,1:8,100,50.0,50.0,9239470.9,49.5,99.095,9169690.1,99.241,49.7,99.468,9222225.6,99.812
BAC,1:8,500,249.8,249.8,46233545.8,249.0,99.674,46131443.4,99.779,249.7,99.925,46216926.8,99.964
BAC,1:8,1000,499.5,499.5,92265385.5,498.4,99.776,92155386.5,99.88,499.4,99.976,92249516.4,99.982
BAC,1:8,2000,999.4,999.8,184817390.6,998.0,99.823,184680004.6,99.925,999.7,99.989,184800245.8,99.99
BAC,1:8,5000,2499.6,2501.0,462523539.1,2497.0,99.838,462283426.5,99.948,2500.9,99.996,462505956.6,99.996
C,1:8,2,1.0,1.0,1680741.7,0.7,68.1,1400847.5,63.409,0.7,68.4,1548753.3,68.753
C,1:8,3,1.5,1.5,2496260.1,1.2,82.849,2179455.5,81.285,1.2,83.349,2423055.0,89.924
C,1:8,4,2.0,2.0,3432319.9,1.7,87.916,3067101.6,87.259,1.7,88.116,3355274.2,95.193
C,1:8,5,2.5,2.5,4373112.6,2.2,89.366,4054948.7,90.883,2.2,89.683,4307473.9,97.092
C,1:8,10,5.0,5.0,8591808.7,4.7,93.932,8189703.2,94.941,4.7,94.097,8537159.0,99.045
C,1:8,15,7.5,7.5,13249191.5,7.2,96.258,12865549.8,96.768,7.2,96.355,13199115.0,99.546
C,1:8,25,12.5,12.5,21910248.8,12.2,97.594,21442456.8,97.821,12.2,97.804,21861221.6,99.749
C,1:8,50,25.0,25.0,43333129.5,24.7,98.794,42857734.0,98.877,24.7,98.918,43283896.0,99.883
C,1:8,100,50.1,50.1,87886227.3,49.8,99.348,87297910.5,99.327,49.8,99.477,87835708.9,99.941
C,1:8,500,249.9,249.9,438130989.2,249.4,99.81,437420325.7,99.837,249.6,99.891,438078281.3,99.987
C,1:8,1000,499.8,499.8,877234291.9,499.2,99.882,876392753.5,99.904,499.6,99.956,877186686.0,99.994
C,1:8,2000,999.5,999.6,1752417601.9,998.8,99.922,1751482368.7,99.946,999.4,99.979,1752370596.7,99.997
E,1:8,2,1.0,1.0,151943.9,0.7,67.25,128019.6,64.899,0.7,67.45,133254.0,66.944
E,1:8,3,1.5,1.5,241995.5,1.2,81.383,207267.6,79.792,1.2,81.533,219562.5,84.827
E,1:8,4,2.0,2.0,347037.0,1.7,86.516,310437.3,87.33,1.7,86.799,324640.8,91.875
E,1:8,5,2.5,2.5,440934.0,2.2,88.841,403044.5,90.262,2.2,88.874,418267.3,93.932
E,1:8,10,5.0,5.0,908107.6,4.8,94.863,863590.8,94.75,4.8,94.914,888180.1,97.605
E,1:8,15,7.5,7.5,1353582.6,7.2,96.193,1306662.6,96.42,7.2,96.335,1332825.0,98.431
E,1:8,25,12.5,12.5,2281893.5,12.2,97.601,2235725.5,97.914,12.2,97.751,2261642.3,99.104
E,1:8,50,25.0,25.0,4595335.9,24.7,98.816,4544854.3,98.894,24.7,98.956,4577359.8,99.605
E,1:8,100,49.9,49.9,9190330.0,49.6,99.309,9134234.2,99.383,49.7,99.434,9170571.4,99.784
E,1:8,500,250.2,250.2,46229409.4,249.7,99.792,46153628.4,99.835,249.9,99.89,46210110.0,99.958
E,1:8,1000,500.0,500.0,92307434.3,499.3,99.864,92214529.6,99.899,499.7,99.95,92288650.4,99.979
E,1:8,2000,999.9,999.9,184869608.3,999.1,99.913,184762925.2,99.942,999.8,99.981,184851339.7,99.99
EBAY,1:8,2,1.0,1.0,118874.3,0.7,65.4,99232.2,62.514,0.7,65.6,104684.0,65.298
EBAY,1:8,3,1.5,1.5,192404.5,1.2,82.949,165932.2,80.994,1.2,83.249,176514.7,86.69
EBAY,1:8,4,2.0,2.0,266201.7,1.7,86.433,239781.7,87.43,1.7,86.433,251709.7,92.031
EBAY,1:8,5,2.5,2.5,334435.2,2.2,89.708,305115.1,89.722,2.2,89.841,319939.9,94.596
EBAY,1:8,10,5.0,5.0,685298.3,4.7,94.74,653123.1,94.947,4.7,94.83,671980.8,97.839
EBAY,1:8,15,7.5,7.5,1044363.4,7.2,96.168,1011636.5,96.717,7.2,96.328,1031077.1,98.659
EBAY,1:8,25,12.5,12.5,1747982.2,12.2,97.644,1709908.8,97.775,12.2,97.753,1734701.5,99.224
EBAY,1:8,50,25.0,25.0,3522046.0,24.7,98.775,3486009.2,98.968,24.7,98.885,3510168.3,99.654
EBAY,1:8,100,49.8,49.8,6980181.6,49.5,99.352,6938454.9,99.395,49.6,99.497,6969181.1,99.84
EBAY,1:8,500,249.8,249.8,35141456.0,249.3,99.791,35080138.6,99.824,249.6,99.901,35130169.6,99.967
EBAY,1:8,1000,499.8,499.9,70212425.2,499.2,99.864,70143064.9,99.9,499.6,99.949,70200969.6,99.983
EBAY,1:8,2000,999.6,999.6,140477507.4,998.7,99.913,140399151.5,99.944,999.4,99.98,140466199.1,99.991
F,1:8,2,0.9,0.9,74410.4,0.7,70.6,62888.4,67.521,0.7,70.8,65562.1,69.357
F,1:8,3,1.5,1.5,119136.1,1.2,81.233,102844.7,82.243,1.2,82.033,108472.7,86.547
F,1:8,4,2.0,2.0,159703.2,1.7,84.349,142396.5,86.188,1.7,84.783,148534.6,90.081
F,1:8,5,2.5,2.5,201039.5,2.2,88.983,182831.4,89.385,2.2,89.616,190861.4,93.742
F,1:8,10,5.0,5.0,420789.9,4.7,94.644,401272.0,95.14,4.7,94.912,410211.7,97.236
F,1:8,15,7.5,7.5,634913.6,7.2,95.713,612396.3,96.391,7.2,96.351,624082.7,98.212
F,1:8,25,12.5,12.5,1057026.4,12.1,97.455,1034725.2,97.809,12.2,97.891,1046551.9,98.956
F,1:8,50,25.0,25.0,2130173.2,24.7,98.591,2102949.5,98.711,24.8,99.049,2119957.1,99.504
F,1:8,100,50.0,50.0,4253891.9,49.6,99.077,4221428.2,99.229,49.8,99.467,4242767.5,99.735
F,1:8,500,250.2,250.2,21325322.5,249.4,99.676,21277903.6,99.776,250.0,99.919,21314320.9,99.948
F,1:8,1000,500.2,500.2,42717310.1,499.1,99.783,42666648.4,99.881,500.1,99.97,42705994.0,99.973
F,1:8,2000,999.6,999.9,85259537.4,998.3,99.839,85199501.8,99.929,999.8,99.992,85249349.0,99.988
F,1:8,5000,2499.2,2500.4,213225373.7,2496.9,99.859,213128467.0,99.954,2500.3,99.997,213214474.2,99.994
FCEL,1:8,2,1.0,1.0,8142229.9,0.7,66.3,6797254.4,62.641,0.7,68.1,7566021.6,68.437
FCEL,1:8,3,1.4,1.4,12839098.6,1.2,82.149,11145537.7,80.681,1.2,84.499,12227769.5,89.135
FCEL,1:8,4,2.0,2.0,17282030.1,1.7,85.083,15314709.6,85.68,1.7,87.433,16796265.5,93.744
FCEL,1:8,5,2.5,2.5,21949500.5,2.2,87.271,19653342.4,87.615,2.2,89.921,21493121.3,96.063
FCEL,1:8,10,5.0,5.0,45348718.5,4.6,92.184,42800697.7,93.746,4.7,94.746,44941779.5,98.83
FCEL,1:8,15,7.5,7.5,67632438.9,7.1,94.431,64370426.0,94.88,7.2,96.724,67265120.2,99.345
FCEL,1:8,25,12.5,12.5,114937964.1,12.0,95.767,111075015.2,96.458,12.3,98.01,114584690.2,99.664
FCEL,1:8,50,25.0,25.0,229322032.4,24.3,97.403,224940329.8,98.062,24.7,99.126,228998168.9,99.85
FCEL,1:8,100,50.0,50.0,451922420.1,49.2,98.439,447161426.0,98.947,49.8,99.618,451587551.4,99.923
FCEL,1:8,500,249.5,250.1,2272758501.6,248.0,99.154,2265614267.6,99.684,250.0,99.954,2272441332.1,99.985
FCEL,1:8,1000,499.4,500.8,4555935677.0,496.8,99.208,4543379722.9,99.723,500.7,99.979,4555593526.2,99.992
FCEL,1:8,2000,998.9,1002.1,9124133966.5,994.5,99.235,9103929567.7,99.777,1002.1,99.992,9123793772.6,99.996
GILD,1:8,2,0.9,0.9,338768.3,0.7,68.7,283506.2,64.186,0.7,68.8,310203.3,68.718
GILD,1:8,3,1.5,1.5,506715.2,1.2,80.816,448045.9,80.203,1.2,80.816,477782.0,87.065
GILD,1:8,4,2.0,2.0,726330.2,1.7,86.633,648128.7,85.718,1.7,86.833,697830.9,93.58
GILD,1:8,5,2.5,2.5,927702.7,2.2,89.708,852202.8,90.056,2.2,89.974,901977.3,96.403
GILD,1:8,10,5.0,5.0,1898654.0,4.7,94.308,1818399.1,95.357,4.7,94.325,1873877.4,98.537
GILD,1:8,15,7.5,7.5,2866064.4,7.2,96.378,2771757.0,96.46,7.2,96.428,2841974.2,99.111
GILD,1:8,25,12.5,12.5,4776166.6,12.2,97.537,4685983.0,98.022,12.2,97.566,4751488.3,99.463
GILD,1:8,50,24.9,24.9,9643840.2,24.6,98.801,9543543.7,98.937,24.6,98.852,9618628.3,99.734
GILD,1:8,100,49.8,49.8,19281795.9,49.5,99.352,19176342.4,99.446,49.5,99.386,19254989.1,99.86
GILD,1:8,500,250.2,250.2,97390464.1,249.8,99.858,97279083.6,99.886,249.9,99.883,97363652.5,99.972
GILD,1:8,1000,499.6,499.6,194254064.5,499.3,99.923,194131716.2,99.936,499.4,99.944,194227966.1,99.986
GILD,1:8,2000,999.6,999.6,388699068.0,999.2,99.957,388549297.0,99.961,999.4,99.976,388674552.9,99.993
GOOG,1:8,2,1.0,1.0,4200490.1,0.7,69.0,3503721.6,65.095,0.7,69.0,3774970.2,69.042
GOOG,1:8,3,1.5,1.5,6398430.1,1.2,82.283,5437051.8,79.113,1.2,82.283,5946148.5,87.006
GOOG,1:8,4,2.0,2.0,8736360.6,1.7,88.341,7837290.1,87.492,1.7,88.341,8353383.3,93.627
GOOG,1:8,5,2.5,2.5,11373203.5,2.2,89.524,10436356.8,90.433,2.2,89.574,10965128.6,95.847
GOOG,1:8,10,5.0,5.0,23298351.5,4.7,94.996,22196358.1,94.929,4.7,94.996,22975981.5,98.516
GOOG,1:8,15,7.4,7.4,35122411.0,7.2,96.648,33920902.9,96.292,7.2,96.676,34800700.3,99.053
GOOG,1:8,25,12.4,12.4,59358843.8,12.2,98.011,58147170.5,97.887,12.2,98.02,59084069.9,99.527
GOOG,1:8,50,24.9,24.9,118491922.4,24.6,98.817,117392925.1,99.035,24.6,98.835,118216204.5,99.764
GOOG,1:8,100,50.1,50.1,239972782.2,49.9,99.456,238753398.2,99.487,49.9,99.456,239713422.8,99.891
GOOG,1:8,500,250.0,250.0,1199309521.8,249.7,99.875,1198026753.4,99.893,249.7,99.88,1199041994.9,99.977
GOOG,1:8,1000,500.0,500.0,2397448951.2,499.7,99.933,2396107538.6,99.943,499.7,99.941,2397190049.8,99.989
HBAN,1:8,2,1.0,1.0,80550.6,0.7,68.05,67332.0,65.381,0.7,68.75,71762.2,68.635
HBAN,1:8,3,1.5,1.5,130975.8,1.2,81.533,113821.4,80.93,1.2,82.283,120331.7,86.096
HBAN,1:8,4,2.0,2.0,171427.9,1.7,86.291,153085.1,86.938,1.7,86.641,160737.7,92.191
HBAN,1:8,5,2.5,2.5,230967.7,2.2,89.249,210722.3,89.476,2.2,89.583,220649.8,94.436
HBAN,1:8,10,4.9,4.9,458151.0,4.6,94.224,435847.3,94.796,4.7,94.495,448321.2,97.687
HBAN,1:8,15,7.5,7.5,695856.8,7.2,96.023,673339.2,96.627,7.2,96.48,686723.0,98.624
HBAN,1:8,25,12.5,12.5,1178965.9,12.2,97.292,1152132.4,97.627,12.2,97.791,1169287.6,99.161
HBAN,1:8,50,25.0,25.0,2359156.3,24.7,98.625,2328534.1,98.693,24.8,99.0,2349720.7,99.595
HBAN,1:8,100,50.0,50.0,4727718.0,49.6,99.116,4694161.8,99.282,49.8,99.455,4717817.5,99.79
HBAN,1:8,500,249.8,249.8,23668553.2,249.1,99.719,23616890.2,99.781,249.6,99.911,23658631.8,99.958
HBAN,1:8,1000,499.7,499.8,47371732.8,498.8,99.817,47313971.6,99.877,499.6,99.964,47362027.7,99.979
HBAN,1:8,2000,999.9,1000.0,94721555.2,998.7,99.872,94661231.9,99.936,999.9,99.989,94712393.2,99.99
INTC,1:8,2,0.9,0.9,180992.3,0.7,67.15,152310.7,65.181,0.7,67.25,156118.7,66.084
INTC,1:8,3,1.5,1.5,291637.8,1.2,79.966,249812.0,80.575,1.2,80.116,262955.4,85.206
INTC,1:8,4,2.0,2.0,414762.0,1.7,87.733,368622.1,86.457,1.8,87.966,387600.5,92.094
INTC,1:8,5,2.5,2.5,512357.1,2.2,88.941,468008.9,89.403,2.2,89.208,484832.6,93.797
INTC,1:8,10,5.0,5.0,1066373.6,4.7,94.007,1017236.7,95.054,4.7,94.321,1036590.4,97.08
INTC,1:8,15,7.5,7.5,1592265.5,7.2,95.881,1540027.2,96.63,7.2,96.118,1562524.8,98.073
INTC,1:8,25,12.5,12.5,2706996.9,12.2,97.544,2652892.8,97.976,12.2,97.653,2673940.9,98.755
INTC,1:8,50,25.0,25.0,5401926.2,24.6,98.707,5346558.7,98.969,24.7,98.908,5370648.7,99.413
INTC,1:8,100,50.1,50.1,10826410.6,49.8,99.268,10762967.8,99.411,49.8,99.442,10794321.7,99.699
INTC,1:8,500,250.0,250.0,54145633.0,249.4,99.755,54037462.0,99.8,249.8,99.896,54110343.6,99.934
INTC,1:8,1000,500.2,500.2,108415409.7,499.4,99.844,108292504.5,99.886,500.0,99.956,108382406.8,99.969
INTC,1:8,2000,999.9,999.9,216635867.7,998.9,99.896,216499894.8,99.937,999.8,99.985,216601852.0,99.984
J,1:8,2,0.9,0.9,266250.7,0.7,64.45,223551.6,61.255,0.7,64.95,240143.6,65.376
J,1:8,3,1.4,1.4,435826.7,1.2,82.299,368126.4,77.804,1.2,83.149,404463.9,86.867
J,1:8,4,2.0,2.0,599923.7,1.7,86.516,531962.7,85.623,1.7,87.616,573274.9,93.661
J,1:8,5,2.5,2.5,771228.6,2.2,89.274,698446.3,88.565,2.2,90.074,745552.7,95.862
J,1:8,10,5.0,5.0,1622463.9,4.7,94.402,1532887.7,93.979,4.7,94.992,1599468.4,98.582
J,1:8,15,7.5,7.5,2414335.9,7.1,95.843,2318683.5,95.778,7.2,96.372,2393283.0,99.143
J,1:8,25,12.4,12.4,4042580.9,12.1,97.393,3947791.3,97.531,12.1,97.856,4024825.9,99.559
J,1:8,50,25.0,25.0,8186765.5,24.6,98.695,8080289.2,98.655,24.7,99.001,8170662.7,99.805
J,1:8,100,49.9,49.9,16507676.6,49.5,99.292,16394707.6,99.302,49.6,99.473,16492188.4,99.907
J,1:8,500,249.9,249.9,82711334.6,249.3,99.758,82550598.7,99.805,249.6,99.896,82696641.5,99.982
J,1:8,1000,499.7,499.7,165185878.6,498.9,99.835,165002028.8,99.888,499.4,99.953,165171845.8,99.991
J,1:8,2000,1000.1,1000.1,331155711.1,999.0,99.891,330958187.2,99.94,1000.0,99.987,331142738.8,99.996
JBLU,1:8,2,1.0,1.0,72667.2,0.7,66.45,61022.8,64.431,0.7,66.55,63165.0,66.274
JBLU,1:8,3,1.5,1.5,117243.9,1.2,81.116,100442.2,80.63,1.2,81.416,105803.9,85.401
JBLU,1:8,4,2.0,2.0,160826.1,1.7,86.266,143453.8,86.866,1.7,86.733,149616.5,91.412
JBLU,1:8,5,2.5,2.5,201141.0,2.2,89.174,183209.4,89.932,2.2,89.508,190255.1,93.837
JBLU,1:8,10,5.0,5.0,409854.3,4.7,93.742,390547.0,95.035,4.7,93.939,398364.4,97.048
JBLU,1:8,15,7.5,7.5,623514.1,7.2,96.036,603291.8,96.636,7.2,96.259,612593.0,98.179
JBLU,1:8,25,12.5,12.5,1055453.1,12.2,97.588,1032374.4,97.764,12.2,97.85,1045096.8,98.99
JBLU,1:8,50,24.9,24.9,2113839.4,24.6,98.581,2089017.9,98.815,24.6,98.787,2102043.3,99.437
JBLU,1:8,100,50.1,50.1,4251827.6,49.7,99.283,4226797.9,99.409,49.8,99.426,4240722.5,99.737
JBLU,1:8,500,250.1,250.1,21311287.3,249.5,99.75,21270570.6,99.808,249.9,99.899,21300440.2,99.948
JBLU,1:8,1000,500.3,500.3,42635842.9,499.5,99.843,42589222.4,99.89,500.1,99.956,42624751.5,99.973
JBLU,1:8,2000,1000.2,1000.3,85194760.3,999.2,99.891,85143887.8,99.94,1000.2,99.986,85184889.6,99.988
M,1:8,2,1.0,1.0,141535.5,0.7,68.0,117936.8,64.282,0.7,68.0,125683.1,66.992
M,1:8,3,1.5,1.5,238452.1,1.2,81.666,206805.2,81.133,1.2,82.066,219805.6,86.268
M,1:8,4,2.0,2.0,317570.5,1.7,85.691,283207.9,86.622,1.7,86.224,299361.4,91.69
M,1:8,5,2.5,2.5,398611.8,2.2,88.183,361714.8,89.24,2.2,89.016,381247.2,94.162
M,1:8,10,5.0,5.0,806828.3,4.7,94.14,768994.8,94.926,4.7,94.347,789868.2,97.627
M,1:8,15,7.5,7.5,1222861.7,7.2,95.994,1181459.8,96.487,7.2,96.273,1205358.9,98.456
M,1:8,25,12.5,12.5,2035863.8,12.2,97.279,1990130.5,97.682,12.2,97.675,2018903.8,99.123
M,1:8,50,25.0,25.0,4143963.6,24.7,98.752,4099037.7,98.898,24.7,98.933,4128021.9,99.607
M,1:8,100,50.0,50.0,8261412.5,49.6,99.165,8205806.4,99.322,49.7,99.401,8244239.8,99.788
M,1:8,500,250.0,250.0,41521178.9,249.4,99.75,41445460.7,99.817,249.8,99.899,41504546.6,99.959
M,1:8,1000,500.1,500.1,83036985.4,499.3,99.841,82943736.9,99.887,499.9,99.961,83021448.1,99.981
M,1:8,2000,1000.1,1000.2,165993643.8,999.1,99.886,165892385.4,99.938,1000.1,99.982,165977761.9,99.99
MA,1:8,2,1.0,1.0,883117.6,0.7,68.55,743979.8,65.426,0.7,68.75,797130.0,68.913
MA,1:8,3,1.5,1.5,1395635.5,1.2,80.849,1214253.6,80.207,1.2,80.949,1302897.6,86.823
MA,1:8,4,2.0,2.0,1905447.8,1.7,87.099,1714179.9,87.38,1.7,87.099,1823894.4,93.511
MA,1:8,5,2.5,2.5,2337655.7,2.2,89.558,2146943.9,89.803,2.2,89.558,2258706.5,95.53
MA,1:8,10,5.0,5.0,4770193.3,4.7,94.661,4540153.1,94.707,4.7,94.77,4694687.0,98.215
MA,1:8,15,7.5,7.5,7346131.2,7.2,96.62,7108615.9,96.476,7.2,96.657,7268191.9,98.867
MA,1:8,25,12.4,12.4,12241938.8,12.2,97.872,12004791.8,98.017,12.2,97.906,12167171.2,99.374
MA,1:8,50,25.0,25.0,24657797.2,24.7,98.848,24378203.9,98.841,24.7,98.874,24572054.5,99.65
MA,1:8,100,50.0,50.0,49780887.6,49.7,99.487,49537233.2,99.504,49.7,99.495,49708549.1,99.853
MA,1:8,500,250.2,250.2,250383678.7,249.9,99.882,250116764.6,99.893,250.0,99.891,250307682.7,99.969
MA,1:8,1000,499.8,499.8,499216079.1,499.5,99.934,498919682.7,99.94,499.5,99.942,499138120.6,99.984
MRVL,1:8,2,1.0,1.0,65676.6,0.7,66.15,53902.2,63.78,0.7,66.65,56299.0,65.665
MRVL,1:8,3,1.5,1.5,109329.7,1.2,81.399,93972.4,81.741,1.2,81.999,98924.6,85.986
MRVL,1:8,4,2.0,2.0,148664.1,1.7,85.691,133365.2,86.93,1.7,86.308,138677.4,90.604
MRVL,1:8,5,2.5,2.5,184199.3,2.2,88.091,168178.1,90.088,2.2,88.541,173978.0,93.166
MRVL,1:8,10,5.0,5.0,386339.9,4.7,94.32,367642.5,94.989,4.7,94.803,376363.0,97.218
MRVL,1:8,15,7.5,7.5,584047.2,7.2,95.73,563535.4,96.337,7.2,96.298,573784.3,98.14
MRVL,1:8,25,12.5,12.5,975073.3,12.2,97.343,954107.0,97.791,12.3,97.87,965284.3,98.953
MRVL,1:8,50,24.9,24.9,1946760.7,24.6,98.512,1923830.8,98.807,24.7,98.953,1937179.2,99.495
MRVL,1:8,100,50.0,50.0,3932124.7,49.5,99.073,3901001.1,99.204,49.7,99.487,3922023.0,99.74
MRVL,1:8,500,250.2,250.2,19623291.2,249.4,99.671,19577262.0,99.765,250.0,99.917,19613283.6,99.948
MRVL,1:8,1000,499.6,499.7,39231435.5,498.6,99.794,39183272.3,99.877,499.5,99.969,39220873.8,99.973
MRVL,1:8,2000,999.9,1000.1,78485854.4,998.6,99.849,78435275.5,99.935,1000.1,99.991,78475963.6,99.987
MSFT,1:8,2,1.0,1.0,318679.8,0.7,69.45,263978.2,65.957,0.7,69.65,285368.8,68.459
MSFT,1:8,3,1.5,1.5,481859.3,1.2,79.099,425740.7,81.345,1.2,79.249,446189.3,84.281
MSFT,1:8,4,2.0,2.0,645173.4,1.7,85.183,580181.0,87.263,1.7,85.883,610042.6,91.157
MSFT,1:8,5,2.5,2.5,832940.3,2.2,87.524,764020.3,89.692,2.2,87.958,796395.6,93.331
MSFT,1:8,10,5.0,5.0,1719592.4,4.7,94.141,1651044.4,95.639,4.7,94.386,1684615.3,97.377
MSFT,1:8,15,7.5,7.5,2612780.9,7.2,95.817,2525249.2,96.538,7.2,96.113,2575114.5,98.292
MSFT,1:8,25,12.5,12.5,4238390.7,12.2,97.618,4143716.2,97.754,12.2,97.852,4200811.6,99.023
MSFT,1:8,50,25.1,25.1,8671059.7,24.8,98.636,8572335.3,98.838,24.8,98.942,8634810.8,99.556
MSFT,1:8,100,49.8,49.8,17115252.1,49.4,99.185,16997908.2,99.309,49.6,99.472,17079799.3,99.788
MSFT,1:8,500,249.6,249.6,85524086.9,249.0,99.734,85344373.8,99.789,249.4,99.911,85486285.6,99.955
MSFT,1:8,1000,499.9,499.9,171597644.7,499.0,99.83,171398268.1,99.883,499.7,99.965,171562088.2,99.979
MSFT,1:8,2000,999.6,999.7,341951144.9,998.5,99.883,341739893.9,99.938,999.5,99.985,341914530.7,99.989
NFLX,1:8,2,0.9,0.9,1015019.2,0.7,68.8,868390.8,64.046,0.7,68.8,961903.2,68.993
NFLX,1:8,3,1.4,1.4,1762157.2,1.2,84.033,1520436.4,79.386,1.2,84.133,1704894.9,90.512
NFLX,1:8,4,1.9,1.9,2304512.3,1.7,87.983,2057582.1,84.269,1.7,88.233,2255244.0,95.117
NFLX,1:8,5,2.5,2.5,2955380.8,2.2,90.916,2689488.6,88.912,2.2,90.966,2911149.5,97.824
NFLX,1:8,10,4.9,4.9,5852482.6,4.6,94.821,5554235.7,94.399,4.6,94.841,5821578.0,99.375
NFLX,1:8,15,7.5,7.5,8913464.0,7.2,96.371,8637419.5,96.655,7.2,96.371,8881879.2,99.618
NFLX,1:8,25,12.4,12.4,15047576.9,12.2,98.009,14731672.4,97.868,12.2,98.034,15021938.2,99.826
NFLX,1:8,50,25.0,25.0,30343125.3,24.7,98.876,30009841.1,98.88,24.7,98.885,30314943.6,99.906
NFLX,1:8,100,49.7,49.7,59735892.3,49.4,99.447,59366311.9,99.383,49.4,99.461,59710355.2,99.957
NFLX,1:8,500,249.6,249.6,302371247.4,249.3,99.867,302016923.7,99.881,249.3,99.881,302346707.1,99.991
NFLX,1:8,1000,500.0,500.0,604996335.2,499.7,99.931,604611919.2,99.936,499.7,99.944,604971742.7,99.995
NFLX,1:8,2000,1000.1,1000.1,1211139335.6,999.8,99.963,1210777150.2,99.97,999.8,99.973,1211115955.0,99.998
O,1:8,2,1.0,1.0,212528.9,0.7,68.95,176131.2,64.982,0.7,69.15,188336.8,68.729
O,1:8,3,1.4,1.4,323435.0,1.2,80.783,279812.6,79.74,1.2,81.083,298841.1,85.595
O,1:8,4,2.0,2.0,443425.9,1.7,85.049,395250.5,86.081,1.7,85.499,416871.0,91.702
O,1:8,5,2.5,2.5,572885.3,2.2,89.641,523170.2,89.907,2.2,89.958,549821.1,95.085
O,1:8,10,5.0,5.0,1144953.6,4.7,94.112,1090731.5,95.073,4.7,94.211,1122600.4,97.854
O,1:8,15,7.5,7.5,1798983.1,7.2,96.138,1735161.0,96.374,7.3,96.361,1777189.4,98.703
O,1:8,25,12.5,12.5,2953626.2,12.2,97.445,2893325.5,97.901,12.2,97.696,2931942.2,99.239
O,1:8,50,25.1,25.1,5980861.8,24.7,98.597,5913762.4,98.858,24.8,98.837,5960534.0,99.651
O,1:8,100,49.9,49.9,11883721.8,49.5,99.237,11805255.0,99.336,49.6,99.441,11863357.8,99.826
O,1:8,500,249.8,249.8,59714365.3,249.2,99.743,59591076.4,99.792,249.6,99.905,59694359.2,99.966
O,1:8,1000,500.5,500.5,119575162.3,499.7,99.831,119439654.4,99.886,500.3,99.96,119555229.9,99.983
O,1:8,2000,999.5,999.6,238891194.9,998.4,99.883,238745794.3,99.939,999.5,99.988,238872002.4,99.991
OSTK,1:8,2,1.0,1.0,118734.3,0.7,69.35,98200.6,65.038,0.7,69.75,107608.0,69.051
OSTK,1:8,3,1.5,1.5,188868.1,1.2,82.516,165257.1,81.283,1.2,83.166,177141.1,87.095
OSTK,1:8,4,2.0,2.0,266645.0,1.7,87.466,241164.0,88.329,1.7,87.966,255790.2,93.359
OSTK,1:8,5,2.5,2.5,318398.6,2.2,87.899,290887.7,89.518,2.2,88.483,306603.2,94.265
OSTK,1:8,10,5.0,5.0,672688.9,4.6,93.969,638293.3,94.474,4.7,94.468,661798.0,98.035
OSTK,1:8,15,7.4,7.4,1021288.7,7.1,96.02,984187.4,96.219,7.2,96.482,1011008.6,98.833
OSTK,1:8,25,12.5,12.5,1709637.3,12.1,97.166,1669871.1,97.601,12.2,97.638,1698536.3,99.288
OSTK,1:8,50,25.1,25.1,3461203.2,24.7,98.344,3417005.0,98.707,24.8,98.817,3450166.6,99.664
OSTK,1:8,100,50.1,50.1,6853557.3,49.6,99.0,6795271.9,99.145,49.8,99.478,6843027.2,99.843
OSTK,1:8,500,249.7,249.8,34255686.1,248.9,99.649,34181983.5,99.785,249.6,99.924,34245435.5,99.969
OSTK,1:8,1000,500.0,500.2,68779582.7,498.9,99.749,68693800.3,99.875,500.0,99.973,68768848.9,99.984
OSTK,1:8,2000,999.7,1000.3,137298404.6,998.1,99.778,137190121.7,99.921,1000.2,99.991,137287900.6,99.992
PLUG,1:8,2,0.9,0.9,831201.6,0.7,66.0,679461.0,60.8,0.7,67.0,795876.3,67.246
PLUG,1:8,3,1.4,1.4,1170832.1,1.2,84.383,1031685.4,78.253,1.2,85.733,1141191.7,90.132
PLUG,1:8,4,2.0,2.0,1724921.3,1.7,87.849,1537948.5,83.269,1.7,89.483,1696599.5,95.741
PLUG,1:8,5,2.5,2.5,2036212.9,2.2,89.183,1840541.7,87.967,2.2,90.233,2008697.9,97.2
PLUG,1:8,10,5.0,5.0,4232185.4,4.7,94.518,3989618.1,93.642,4.7,95.559,4215518.8,99.401
PLUG,1:8,15,7.5,7.5,6427121.8,7.2,95.732,6188706.0,95.819,7.2,96.735,6411547.0,99.693
PLUG,1:8,25,12.5,12.5,10786528.0,12.1,97.015,10509329.1,97.33,12.2,97.89,10773003.8,99.853
PLUG,1:8,50,24.9,24.9,21376103.9,24.4,98.051,20997680.6,98.194,24.7,98.988,21364541.1,99.94
PLUG,1:8,100,50.1,50.1,43541544.0,49.5,98.77,43123226.0,99.046,49.8,99.506,43530696.6,99.973
PLUG,1:8,500,249.8,250.0,217111151.0,248.7,99.479,216651700.9,99.789,249.9,99.959,217100648.3,99.995
PLUG,1:8,1000,500.1,500.7,431866110.6,498.4,99.553,431216924.4,99.849,500.6,99.982,431856079.0,99.997
PLUG,1:8,2000,999.9,1001.4,864796576.5,997.3,99.588,863752126.2,99.879,1001.3,99.992,864787180.6,99.998
QCOM,1:8,2,1.0,1.0,301530.0,0.7,68.35,247983.2,66.842,0.7,68.35,252959.6,67.658
QCOM,1:8,3,1.5,1.5,463931.1,1.2,81.516,397249.6,81.473,1.2,81.616,411495.6,84.427
QCOM,1:8,4,2.0,2.0,646895.3,1.7,84.966,577459.6,87.151,1.7,85.066,591580.1,89.533
QCOM,1:8,5,2.5,2.5,837703.5,2.2,88.983,765748.8,90.208,2.2,89.016,783934.2,92.869
QCOM,1:8,10,5.0,5.0,1712037.3,4.7,94.128,1629616.8,95.023,4.7,94.311,1653284.0,96.414
QCOM,1:8,15,7.5,7.5,2584174.6,7.2,96.296,2507179.9,96.901,7.2,96.378,2531569.6,97.889
QCOM,1:8,25,12.5,12.5,4308981.1,12.2,97.573,4227185.7,98.074,12.2,97.658,4252728.5,98.667
QCOM,1:8,50,25.0,25.0,8747786.0,24.7,98.725,8654409.6,98.925,24.7,98.86,8692005.7,99.355
QCOM,1:8,100,50.1,50.1,17435135.6,49.7,99.332,17340552.0,99.453,49.8,99.429,17379727.2,99.679
QCOM,1:8,500,250.2,250.2,87551768.5,249.7,99.789,87397929.8,99.824,250.0,99.904,87499247.4,99.939
QCOM,1:8,1000,499.8,499.8,174890797.8,499.1,99.865,174711765.5,99.897,499.6,99.952,174833605.1,99.967
QCOM,1:8,2000,1000.0,1000.1,349717810.0,999.2,99.914,349517284.7,99.942,999.8,99.978,349660298.8,99.983
R,1:8,2,1.0,1.0,222568.1,0.7,67.45,183398.2,64.332,0.7,68.55,198554.9,68.484
R,1:8,3,1.5,1.5,356338.5,1.2,81.533,303422.6,79.3,1.2,83.283,329531.2,86.857
R,1:8,4,2.0,2.0,466466.4,1.7,86.199,415354.1,86.261,1.7,87.933,442439.9,92.373
R,1:8,5,2.4,2.4,604472.5,2.1,88.766,547210.5,89.034,2.2,90.033,582586.1,94.939
R,1:8,10,5.0,5.0,1223377.3,4.7,93.991,1159046.0,94.214,4.7,95.098,1202468.6,98.075
R,1:8,15,7.4,7.4,1817612.9,7.1,95.122,1748717.8,95.922,7.2,96.365,1796589.0,98.775
R,1:8,25,12.5,12.5,3119706.8,12.1,96.613,3031137.3,97.053,12.3,97.906,3099343.7,99.324
R,1:8,50,24.9,24.9,6224571.0,24.4,97.984,6121489.4,98.294,24.6,98.952,6204865.7,99.674
R,1:8,100,50.0,50.0,12532434.2,49.4,98.758,12411872.0,99.027,49.7,99.529,12513304.5,99.845
R,1:8,500,250.0,250.2,62775927.3,248.9,99.466,62623916.7,99.757,250.1,99.947,62756385.0,99.968
R,1:8,1000,500.0,500.7,125700535.7,498.3,99.536,125493360.3,99.834,500.5,99.97,125680389.1,99.983
R,1:8,2000,999.3,1001.0,250764118.2,996.8,99.579,250416948.6,99.861,1000.8,99.987,250744986.5,99.992
SHLO,1:8,2,1.0,1.0,55572.4,0.7,68.2,45499.9,66.157,0.7,69.55,47442.1,68.632
SHLO,1:8,3,1.5,1.5,89518.2,1.2,79.866,76720.7,80.787,1.2,81.816,80271.1,85.035
SHLO,1:8,4,2.0,2.0,117294.7,1.7,84.216,103326.7,85.855,1.7,85.716,108047.1,90.03
SHLO,1:8,5,2.5,2.5,149848.6,2.2,87.608,135892.7,89.578,2.2,89.066,141268.6,93.204
SHLO,1:8,10,5.0,5.0,307946.8,4.7,93.261,290577.1,94.058,4.7,94.388,298642.0,96.7
SHLO,1:8,15,7.5,7.5,466872.9,7.1,95.516,449245.7,96.065,7.2,96.495,458326.5,98.053
SHLO,1:8,25,12.5,12.5,780236.2,12.1,96.791,760414.0,97.405,12.2,97.824,771415.0,98.838
SHLO,1:8,50,25.1,25.1,1582701.1,24.6,98.137,1560046.2,98.557,24.8,98.918,1573683.2,99.423
SHLO,1:8,100,50.1,50.1,3172827.8,49.5,98.817,3143849.8,99.081,49.9,99.533,3164120.7,99.721
SHLO,1:8,500,249.8,250.0,15850251.5,248.6,99.435,15804814.1,99.713,249.9,99.937,15841721.7,99.946
SHLO,1:8,1000,500.2,500.8,31769644.8,498.5,99.527,31711272.9,99.816,500.7,99.977,31761185.1,99.973
SHLO,1:8,2000,999.2,1001.1,63430846.6,996.3,99.525,63339445.2,99.856,1001.0,99.993,63422780.2,99.987
SIRI,1:8,2,1.0,1.0,79902.6,0.7,68.45,64274.5,63.354,0.7,69.45,73410.7,68.607
SIRI,1:8,3,1.5,1.5,128691.9,1.2,82.516,111471.1,80.993,1.2,83.916,123881.1,87.914
SIRI,1:8,4,2.0,2.0,162497.0,1.6,85.483,144919.6,86.277,1.7,86.983,158325.7,93.187
SIRI,1:8,5,2.5,2.5,201788.9,2.2,87.783,181885.1,88.475,2.2,89.524,197520.7,95.25
SIRI,1:8,10,5.0,5.0,452304.5,4.6,93.113,424664.0,93.346,4.7,94.993,448380.3,98.725
SIRI,1:8,15,7.5,7.5,660867.8,7.2,95.231,630685.4,95.228,7.3,96.785,657258.8,99.255
SIRI,1:8,25,12.5,12.5,1056940.2,12.0,96.454,1025483.8,96.962,12.2,97.955,1053463.2,99.598
SIRI,1:8,50,25.1,25.1,2170570.6,24.5,97.652,2131254.2,98.136,24.8,99.014,2166989.5,99.823
SIRI,1:8,100,50.0,50.0,4331110.7,49.2,98.437,4282854.7,98.868,49.8,99.57,4327642.7,99.916
SIRI,1:8,500,249.5,249.8,21800185.5,248.0,99.282,21743356.8,99.74,249.8,99.97,21796790.9,99.984
SIRI,1:8,1000,499.1,500.1,43433561.0,496.9,99.359,43349366.7,99.806,500.0,99.986,43430218.3,99.992
SIRI,1:8,2000,998.5,1000.9,87016373.0,994.9,99.405,86870462.3,99.832,1000.8,99.993,87012962.4,99.996
T,1:8,2,1.0,1.0,132516.6,0.7,68.15,109347.1,66.753,0.7,68.25,111252.1,67.376
T,1:8,3,1.5,1.5,214248.5,1.2,81.916,184737.3,82.636,1.2,82.116,190274.9,85.011
T,1:8,4,2.0,2.0,290945.3,1.7,85.524,258268.3,86.975,1.7,85.908,265344.9,89.336
T,1:8,5,2.5,2.5,371615.8,2.2,88.816,336844.8,89.444,2.2,89.083,346602.9,92.125
T,1:8,10,5.0,5.0,754808.5,4.7,94.486,720249.8,95.239,4.7,94.781,732015.4,96.82
T,1:8,15,7.6,7.6,1167100.9,7.3,96.307,1129650.8,96.684,7.3,96.488,1143923.2,97.915
T,1:8,25,12.5,12.5,1935808.5,12.2,97.541,1894951.6,97.844,12.2,97.802,1912631.7,98.774
T,1:8,50,25.0,25.0,3869278.2,24.6,98.74,3824338.8,98.835,24.7,98.996,3847003.4,99.417
T,1:8,100,50.1,50.1,7810087.0,49.7,99.227,7757164.1,99.321,49.8,99.479,7787775.8,99.712
T,1:8,500,250.1,250.1,38991446.4,249.4,99.73,38914346.2,99.801,249.8,99.908,38968823.8,99.941
T,1:8,1000,500.1,500.1,78013348.6,499.3,99.826,77925602.2,99.887,499.9,99.959,77990591.2,99.97
T,1:8,2000,1000.0,1000.2,155970372.0,998.9,99.875,155867673.4,99.934,1000.0,99.986,155948408.2,99.985
TSLA,1:8,2,1.0,1.0,430990.2,0.7,70.5,351121.9,67.608,0.7,70.5,383386.7,69.145
TSLA,1:8,3,1.5,1.5,612375.3,1.2,80.949,537543.9,81.843,1.2,81.149,560402.8,84.427
TSLA,1:8,4,2.0,2.0,890821.9,1.7,86.299,812763.9,88.306,1.7,86.299,838629.9,91.219
TSLA,1:8,5,2.5,2.5,1103992.1,2.2,89.441,1010973.8,90.402,2.2,89.441,1051689.0,93.31
TSLA,1:8,10,5.0,5.0,2186771.1,4.7,94.551,2085877.0,95.227,4.7,94.551,2131621.9,96.914
TSLA,1:8,15,7.5,7.5,3386697.9,7.2,96.064,3279556.4,96.635,7.2,96.132,3329114.1,97.942
TSLA,1:8,25,12.5,12.5,5487390.4,12.2,97.609,5382512.8,98.039,12.2,97.658,5430362.7,98.844
TSLA,1:8,50,25.0,25.0,11193465.5,24.7,98.925,11082818.2,99.003,24.7,98.978,11141459.0,99.512
TSLA,1:8,100,50.0,50.0,22174050.1,49.7,99.382,22059517.7,99.481,49.7,99.436,22119127.3,99.748
TSLA,1:8,500,250.2,250.2,111816599.5,249.8,99.841,111669034.2,99.868,249.9,99.888,111761271.2,99.95
TSLA,1:8,1000,500.4,500.4,224129000.9,499.9,99.903,223955992.6,99.922,500.1,99.947,224072685.5,99.974
WFC,1:8,2,0.9,0.9,197717.2,0.7,66.95,166572.0,64.161,0.7,67.05,175892.0,67.124
WFC,1:8,3,1.5,1.5,312870.2,1.2,79.416,263380.0,76.959,1.2,80.766,285831.8,86.207
WFC,1:8,4,1.9,1.9,420364.6,1.6,85.799,372668.2,84.143,1.7,86.899,397640.8,92.852
WFC,1:8,5,2.5,2.5,563080.4,2.2,88.791,510836.2,88.542,2.2,89.458,539604.1,95.44
WFC,1:8,10,5.0,5.0,1181371.5,4.7,94.876,1121620.8,94.418,4.7,95.228,1161117.7,98.301
WFC,1:8,15,7.5,7.5,1765095.5,7.2,96.104,1704923.2,96.342,7.2,96.477,1744509.3,98.854
WFC,1:8,25,12.5,12.5,2996384.3,12.2,97.569,2926578.5,97.624,12.3,97.88,2976660.1,99.353
WFC,1:8,50,25.0,25.0,6068006.1,24.7,98.639,5992174.2,98.732,24.7,98.918,6048889.6,99.69
WFC,1:8,100,49.9,49.9,12122967.2,49.5,99.201,12043030.3,99.33,49.6,99.427,12104214.3,99.846
WFC,1:8,500,250.1,250.1,61213701.7,249.5,99.764,61104972.2,99.822,249.8,99.902,61197667.5,99.973
WFC,1:8,1000,499.7,499.7,122348858.2,499.0,99.851,122219653.7,99.894,499.5,99.957,122332841.7,99.986
WFC,1:8,2000,999.6,999.6,244824998.6,998.6,99.897,244693818.8,99.946,999.5,99.984,244808569.2,99.993
WFC,1:8,5000,2499.7,2500.1,612663101.9,2498.2,99.922,612487292.8,99.971,2500.0,99.996,612647774.3,99.997
WMT,1:8,2,1.0,1.0,370354.8,0.7,66.55,314202.5,65.125,0.7,66.85,326264.5,67.412
WMT,1:8,3,1.5,1.5,580456.9,1.2,82.933,486324.6,78.552,1.2,83.283,528901.3,87.467
WMT,1:8,4,2.0,2.0,808580.1,1.7,84.991,718466.5,85.619,1.7,85.641,760584.1,92.466
WMT,1:8,5,2.5,2.5,1015015.0,2.2,88.508,916526.9,88.731,2.2,89.141,968281.5,95.042
WMT,1:8,10,5.0,5.0,2126536.4,4.7,93.952,2015646.3,94.326,4.7,94.502,2081208.1,97.894
WMT,1:8,15,7.5,7.5,3239778.7,7.2,96.065,3112331.6,95.83,7.2,96.656,3197815.1,98.743
WMT,1:8,25,12.5,12.5,5542691.7,12.1,97.187,5398638.5,97.266,12.2,97.918,5506883.4,99.351
WMT,1:8,50,25.1,25.1,11249301.3,24.7,98.423,11094679.3,98.593,24.8,98.922,11216264.7,99.709
WMT,1:8,100,50.0,50.0,22356925.2,49.5,99.11,22175943.8,99.177,49.7,99.521,22328956.2,99.875
WMT,1:8,500,250.2,250.2,112611753.2,249.4,99.683,112382095.3,99.794,250.0,99.913,112587273.9,99.978
WMT,1:8,1000,500.4,500.4,225443466.9,499.4,99.798,225189365.0,99.887,500.3,99.97,225420389.6,99.989
WMT,1:8,2000,1000.5,1000.7,450764379.2,999.2,99.853,450485619.5,99.938,1000.6,99.987,450740247.4,99.994
WMT,1:8,5000,2498.7,2499.6,1125113607.0,2496.6,99.881,1124693881.2,99.962,2499.5,99.997,1125089179.7,99.997
X,1:8,2,1.0,1.0,200691.0,0.7,68.6,167857.0,65.038,0.7,68.9,182587.5,67.874
X,1:8,3,1.5,1.5,315792.0,1.2,81.283,275552.7,81.657,1.2,81.733,294425.9,86.038
X,1:8,4,2.0,2.0,430655.8,1.7,84.658,379877.7,86.066,1.7,86.174,408658.8,91.668
X,1:8,5,2.5,2.5,558213.9,2.2,88.333,511055.5,89.574,2.2,89.166,536943.5,94.045
X,1:8,10,5.0,5.0,1094726.3,4.7,94.138,1038652.8,94.519,4.7,94.784,1074977.6,97.855
X,1:8,15,7.4,7.4,1653251.3,7.1,95.466,1590286.0,96.043,7.2,96.459,1633742.6,98.597
X,1:8,25,12.5,12.5,2878900.9,12.1,96.676,2805458.3,97.338,12.2,97.713,2858663.0,99.222
X,1:8,50,25.0,25.0,5703251.3,24.6,98.208,5614862.4,98.439,24.8,98.998,5684377.3,99.658
X,1:8,100,49.9,49.9,11346779.4,49.3,98.879,11245467.3,99.094,49.6,99.542,11329001.2,99.839
X,1:8,500,250.3,250.4,57311995.4,249.4,99.61,57196131.5,99.797,250.2,99.926,57292992.6,99.966
X,1:8,1000,499.7,500.0,114260442.3,498.5,99.696,114102468.1,99.861,499.9,99.971,114242040.9,99.983
X,1:8,2000,999.2,1000.1,228703523.6,997.4,99.728,228487220.4,99.905,999.9,99.986,228684488.4,99.991
Average,1:8,2,1.0,1.0,815792.0,0.7,67.709,680473.3,64.458,0.7,68.08,748326.9,67.709
Average,1:8,3,1.5,1.5,1266912.9,1.2,81.728,1096952.5,80.402,1.2,82.331,1201799.8,86.726
Average,1:8,4,2.0,2.0,1721750.8,1.7,86.287,1538228.2,86.505,1.7,86.942,1664269.9,92.525
Average,1:8,5,2.5,2.5,2205899.8,2.2,88.936,2005068.4,89.512,2.2,89.485,2149837.7,94.882
Average,1:8,10,5.0,5.0,4500647.3,4.7,94.198,4270512.1,94.68,4.7,94.646,4451016.3,97.95
Average,1:8,15,7.5,7.5,6798637.6,7.2,95.933,6537344.3,96.295,7.2,96.401,6750158.1,98.722
Average,1:8,25,12.5,12.5,11387700.2,12.2,97.381,11098783.5,97.663,12.2,97.839,11343034.1,99.276
Average,1:8,50,25.0,25.0,22841543.8,24.6,98.539,22533861.4,98.726,24.7,98.929,22798360.5,99.654
Average,1:8,100,50.0,50.0,45656716.4,49.6,99.145,45316692.8,99.276,49.7,99.476,45614521.1,99.83
Average,1:8,500,250.0,250.0,228821336.5,249.3,99.696,228372092.7,99.805,249.8,99.91,228779392.8,99.966
Average,1:8,1000,499.9,500.1,457858519.0,499.0,99.781,457204563.1,99.882,499.9,99.961,457816415.8,99.982
Average,1:8,2000,878.6,879.0,725064883.2,877.3,87.711,724199063.1,87.81,878.9,87.866,725035214.8,87.871
Average,1:8,5000,378.7,378.8,124882584.3,378.4,15.132,124834674.6,15.145,378.8,15.15,124879479.6,15.15
